C:0,C:1,C:2,Points:0,Points:1,Points:2,vtkOriginalIndices
0.00334935,0.0111694,0,0,0,0,0
0.00608086,0.0187555,1.49185e-21,0.00502403,0.0167541,-0.000731501,1
0.0128595,0.0346659,3.30077e-21,0.0118304,0.0339795,-0.00148357,2
0.0213456,0.0499894,-2.86794e-20,0.021351,0.0508793,-0.00222144,3
0.0304282,0.0629005,-3.04883e-20,0.0299208,0.0626885,-0.00273704,4
0.0403254,0.0746831,0,0.0399336,0.0745924,-0.00325678,5
0.0512282,0.0862045,-8.49229e-21,0.0509583,0.086234,-0.00376506,6
0.06317,0.0974823,-1.70233e-20,0.0625641,0.0972561,-0.00424629,7
0.076467,0.108692,7.3573e-23,0.0761091,0.108748,-0.00474806,8
0.0907083,0.11941,8.60456e-21,0.0906037,0.119629,-0.00522312,9
0.105185,0.129172,8.90208e-20,0.105098,0.129335,-0.00564691,10
0.119901,0.138184,8.90208e-20,0.119593,0.138166,-0.00603245,11
0.135082,0.146787,7.66538e-20,0.135002,0.146884,-0.0064131,12
0.150503,0.154964,1.5042e-19,0.150437,0.155052,-0.00676971,13
0.165996,0.162692,2.04935e-19,0.165872,0.162734,-0.00710514,14
0.181678,0.170092,1.2232e-19,0.181562,0.17013,-0.00742802,15
0.197543,0.177211,-8.84929e-21,0.197491,0.177271,-0.00773982,16
0.213481,0.184035,1.24938e-19,0.21342,0.184082,-0.00803721,17
0.22951,0.1906,2.31519e-20,0.2294,0.190622,-0.00832275,18
0.245678,0.196956,-1.19579e-19,0.245635,0.197,-0.00860122,19
0.26191,0.203092,-1.77931e-20,0.26187,0.203133,-0.00886899,20
0.278188,0.209022,0,0.278104,0.209043,-0.00912703,21
0.294565,0.214781,0,0.294522,0.214814,-0.009379,22
0.310999,0.22037,-1.78509e-20,0.310965,0.220403,-0.00962298,23
0.327464,0.22579,-1.78509e-20,0.327408,0.225813,-0.0098592,24
0.343991,0.231064,1.78714e-20,0.343947,0.231089,-0.0100896,25
0.36057,0.2362,3.28873e-19,0.36054,0.236227,-0.0103139,26
0.377174,0.241197,4.84443e-19,0.377133,0.241219,-0.0105319,27
0.393819,0.246068,1.55545e-19,0.393775,0.246088,-0.0107444,28
0.410509,0.250822,7.61749e-24,0.410483,0.250846,-0.0109522,29
0.42722,0.255459,1.79046e-20,0.42719,0.25548,-0.0111545,30
0.44396,0.259987,0,0.443919,0.260004,-0.011352,31
0.460739,0.264414,-1.79235e-20,0.460716,0.264434,-0.0115454,32
0.477536,0.268739,1.36407e-19,0.477513,0.268758,-0.0117342,33
0.494352,0.272968,1.54331e-19,0.494314,0.272983,-0.0119187,34
0.511204,0.277109,-1.79389e-20,0.511183,0.277127,-0.0120996,35
0.528072,0.28116,-1.79389e-20,0.528052,0.281178,-0.0122765,36
0.544954,0.285126,0,0.544921,0.28514,-0.0124495,37
0.561863,0.289013,0,0.561843,0.289029,-0.0126193,38
0.578789,0.292822,0,0.578771,0.292837,-0.0127856,39
0.595726,0.296553,-1.79592e-20,0.595699,0.296566,-0.0129484,40
0.612684,0.300212,-1.79592e-20,0.612664,0.300227,-0.0131082,41
0.629658,0.303801,0,0.629642,0.303816,-0.0132649,42
0.646641,0.307321,0,0.646619,0.307334,-0.0134185,43
0.663641,0.310775,0,0.663622,0.310788,-0.0135693,44
0.680656,0.314165,1.79749e-20,0.680641,0.314178,-0.0137173,45
0.697679,0.317492,-2.66733e-24,0.69766,0.317504,-0.0138625,46
0.714715,0.320759,2.70996e-19,0.714696,0.320771,-0.0140051,47
0.731765,0.323967,2.88974e-19,0.731751,0.323979,-0.0141452,48
0.748822,0.327118,0,0.748806,0.327129,-0.0142828,49
0.76589,0.330212,2.80808e-19,0.765872,0.330223,-0.0144178,50
0.782971,0.333253,2.80808e-19,0.782958,0.333264,-0.0145506,51
0.800058,0.33624,1.38019e-19,0.800044,0.336251,-0.014681,52
0.817153,0.339176,1.38019e-19,0.817136,0.339186,-0.0148092,53
0.834261,0.342061,1.79955e-20,0.834249,0.342072,-0.0149352,54
0.851374,0.344897,3.59928e-20,0.851362,0.344907,-0.015059,55
0.868494,0.347684,-2.48874e-19,0.868477,0.347694,-0.0151806,56
0.885625,0.350425,-2.66871e-19,0.885614,0.350435,-0.0153003,57
0.902762,0.35312,2.63034e-19,0.902751,0.35313,-0.015418,58
0.919904,0.355769,2.63034e-19,0.919888,0.355778,-0.0155336,59
0.937056,0.358374,-5.1821e-19,0.937046,0.358384,-0.0156474,60
0.954214,0.360936,-2.96843e-19,0.954203,0.360946,-0.0157592,61
0.971375,0.363456,2.21368e-19,0.971361,0.363464,-0.0158692,62
0.988546,0.365934,5.07613e-19,0.988536,0.365943,-0.0159774,63
1.00572,0.368371,5.07613e-19,1.00571,0.36838,-0.0160838,64
1.0229,0.370768,2.50506e-19,1.02289,0.370776,-0.0161884,65
1.04009,0.373125,2.50506e-19,1.04008,0.373134,-0.0162914,66
1.05728,0.375444,2.47517e-19,1.05727,0.375453,-0.0163926,67
1.07448,0.377725,5.29513e-19,1.07447,0.377733,-0.0164922,68
1.09168,0.379969,2.45961e-19,1.09167,0.379977,-0.0165901,69
1.10889,0.382175,-2.79229e-19,1.10888,0.382184,-0.0166865,70
1.1261,0.384346,-2.07154e-19,1.12609,0.384354,-0.0167812,71
1.14331,0.386481,7.20821e-20,1.1433,0.386489,-0.0168745,72
1.16053,0.388581,-2.14873e-24,1.16053,0.388589,-0.0169662,73
1.17776,0.390647,-3.60443e-20,1.17775,0.390654,-0.0170563,74
1.19498,0.392678,-3.60484e-20,1.19498,0.392686,-0.017145,75
1.21222,0.394676,1.63458e-19,1.21221,0.394684,-0.0172323,76
1.22945,0.396641,1.99506e-19,1.22944,0.396649,-0.0173181,77
1.24669,0.398574,0,1.24668,0.398581,-0.0174024,78
1.26394,0.400475,0,1.26393,0.400482,-0.0174854,79
1.28118,0.402343,3.60577e-20,1.28117,0.40235,-0.017567,80
1.29843,0.404181,4.96102e-19,1.29842,0.404188,-0.0176472,81
1.31569,0.405988,4.96106e-19,1.31568,0.405995,-0.0177261,82
1.33294,0.407764,3.60612e-20,1.33293,0.407771,-0.0178037,83
1.3502,0.40951,1.90995e-19,1.35019,0.409517,-0.0178799,84
1.36746,0.411226,1.54929e-19,1.36746,0.411233,-0.0179548,85
1.38473,0.412913,1.89204e-19,1.38472,0.41292,-0.0180285,86
1.402,0.414571,2.2527e-19,1.40199,0.414578,-0.0181009,87
1.41927,0.416201,-2.23482e-19,1.41926,0.416207,-0.018172,88
1.43654,0.417802,-2.23482e-19,1.43654,0.417808,-0.0182419,89
1.45382,0.419374,-2.21775e-19,1.45381,0.419381,-0.0183106,90
1.4711,0.420919,-2.21775e-19,1.47109,0.420926,-0.018378,91
1.48838,0.422437,3.60764e-20,1.48837,0.422443,-0.0184443,92
1.50566,0.423927,-1.35386e-24,1.50565,0.423933,-0.0185093,93
1.52295,0.425391,1.3474e-24,1.52294,0.425397,-0.0185732,94
1.54023,0.426827,2.54078e-19,1.54023,0.426834,-0.018636,95
1.55752,0.428238,1.81918e-19,1.55752,0.428244,-0.0186975,96
1.57482,0.429622,-3.60818e-20,1.57481,0.429628,-0.018758,97
1.59211,0.43098,0,1.59211,0.430986,-0.0188173,98
1.60941,0.432312,-3.60855e-20,1.6094,0.432318,-0.0188754,99
1.62671,0.43362,-7.21723e-20,1.6267,0.433626,-0.0189325,100
1.64401,0.434901,-3.60867e-20,1.644,0.434907,-0.0189885,101
1.66131,0.436158,2.13355e-19,1.6613,0.436164,-0.0190433,102
1.67861,0.43739,5.93541e-22,1.67861,0.437396,-0.0190971,103
1.69592,0.438597,-2.12761e-19,1.69591,0.438603,-0.0191498,104
1.71323,0.43978,-3.87151e-19,1.71322,0.439786,-0.0192015,105
1.73053,0.440938,-3.87151e-19,1.73053,0.440944,-0.019252,106
1.74785,0.442073,-2.46646e-19,1.74784,0.442079,-0.0193016,107
1.76516,0.443183,-6.66684e-19,1.76515,0.443189,-0.0193501,108
1.78247,0.44427,-4.20038e-19,1.78247,0.444276,-0.0193975,109
1.79979,0.445334,4.18052e-19,1.79978,0.445339,-0.0194439,110
1.8171,0.446373,4.18052e-19,1.8171,0.446379,-0.0194893,111
1.83442,0.44739,1.71959e-19,1.83442,0.447396,-0.0195337,112
1.85174,0.448384,1.71959e-19,1.85174,0.448389,-0.0195771,113
1.86906,0.449354,-4.50453e-19,1.86906,0.44936,-0.0196195,114
1.88638,0.450302,-2.07619e-19,1.88638,0.450307,-0.0196608,115
1.90371,0.451227,2.0673e-19,1.9037,0.451232,-0.0197012,116
1.92103,0.45213,-3.6104e-20,1.92103,0.452135,-0.0197406,117
1.93835,0.45301,-2.41617e-19,1.93835,0.453015,-0.0197791,118
1.95568,0.453868,-2.05511e-19,1.95568,0.453873,-0.0198165,119
1.97301,0.454703,-3.73441e-19,1.97301,0.454709,-0.019853,120
1.99034,0.455517,-7.55733e-22,1.99033,0.455522,-0.0198885,121
2.00767,0.456309,4.08792e-19,2.00767,0.456314,-0.0199231,122
2.025,0.457078,4.43563e-19,2.025,0.457084,-0.0199567,123
2.04233,0.457827,8.50324e-19,2.04233,0.457832,-0.0199894,124
2.05966,0.458553,4.42873e-19,2.05966,0.458558,-0.0200211,125
2.077,0.459258,3.61123e-20,2.07699,0.459263,-0.0200519,126
2.09433,0.459942,4.04921e-19,2.09433,0.459947,-0.0200817,127
2.11167,0.460604,4.04921e-19,2.11166,0.460609,-0.0201106,128
2.129,0.461245,3.61158e-20,2.129,0.46125,-0.0201386,129
2.14634,0.461865,3.61158e-20,2.14634,0.46187,-0.0201657,130
2.16368,0.462464,-4.38885e-19,2.16367,0.462469,-0.0201918,131
2.18101,0.463041,-4.38885e-19,2.18101,0.463047,-0.0202171,132
2.19835,0.463598,-4.0179e-19,2.19835,0.463603,-0.0202414,133
2.21569,0.464134,-4.3791e-19,2.21569,0.464139,-0.0202648,134
2.23303,0.464649,-2.72703e-19,2.23303,0.464655,-0.0202873,135
2.25037,0.465144,-8.0119e-19,2.25037,0.465149,-0.0203088,136
2.26771,0.465618,-5.28485e-19,2.26771,0.465623,-0.0203295,137
2.28506,0.466071,3.61225e-20,2.28505,0.466076,-0.0203493,138
2.3024,0.466504,0,2.3024,0.466509,-0.0203682,139
2.31974,0.466916,0,2.31974,0.466921,-0.0203862,140
2.33708,0.467308,0,2.33708,0.467313,-0.0204033,141
2.35443,0.467679,0,2.35443,0.467684,-0.0204195,142
2.37177,0.46803,0,2.37177,0.468035,-0.0204349,143
2.38912,0.468361,0,2.38912,0.468366,-0.0204493,144
2.40646,0.468672,0,2.40646,0.468677,-0.0204629,145
2.42381,0.468962,0,2.42381,0.468967,-0.0204755,146
2.44115,0.469232,-3.61304e-20,2.44115,0.469237,-0.0204873,147
2.4585,0.469482,1.9845e-19,2.4585,0.469487,-0.0204982,148
2.47585,0.469712,3.62256e-20,2.47585,0.469717,-0.0205083,149
2.49319,0.469922,-1.98355e-19,2.49319,0.469927,-0.0205174,150
2.51054,0.470111,-3.61335e-20,2.51054,0.470116,-0.0205257,151
2.52789,0.470281,1.98129e-19,2.52789,0.470286,-0.0205331,152
2.54523,0.470431,2.34262e-19,2.54523,0.470436,-0.0205397,153
2.56258,0.47056,-4.32273e-19,2.56258,0.470565,-0.0205453,154
2.57988,0.47067,-3.96136e-19,2.57992,0.470675,-0.0205501,155
2.59692,0.47076,3.61366e-20,2.59707,0.470765,-0.020554,156
2.61369,0.470831,0,2.61359,0.470835,-0.0205571,157
2.63094,0.470886,3.61385e-20,2.63052,0.47089,-0.0205595,158
2.64887,0.470927,-5.71918e-25,2.64914,0.47093,-0.0205613,159
2.66645,0.470949,-3.61391e-20,2.66667,0.470956,-0.0205624,160
0.00608086,0.0187555,1.49185e-21,0.00502403,0.0167541,0.000731501,161
0.0128595,0.0346659,3.30077e-21,0.0118304,0.0339795,0.00148357,162
0.0213456,0.0499894,-2.86794e-20,0.021351,0.0508793,0.00222144,163
0.0304282,0.0629005,-3.04883e-20,0.0299208,0.0626885,0.00273704,164
0.0403254,0.0746831,0,0.0399336,0.0745924,0.00325678,165
0.0512282,0.0862045,-8.49229e-21,0.0509583,0.086234,0.00376506,166
0.06317,0.0974823,-1.70233e-20,0.0625641,0.0972561,0.00424629,167
0.076467,0.108692,7.3573e-23,0.0761091,0.108748,0.00474806,168
0.0907083,0.11941,8.60456e-21,0.0906037,0.119629,0.00522312,169
0.105185,0.129172,8.90208e-20,0.105098,0.129335,0.00564691,170
0.119901,0.138184,8.90208e-20,0.119593,0.138166,0.00603245,171
0.135082,0.146787,7.66538e-20,0.135002,0.146884,0.0064131,172
0.150503,0.154964,1.5042e-19,0.150437,0.155052,0.00676971,173
0.165996,0.162692,2.04935e-19,0.165872,0.162734,0.00710514,174
0.181678,0.170092,1.2232e-19,0.181562,0.17013,0.00742802,175
0.197543,0.177211,-8.84929e-21,0.197491,0.177271,0.00773982,176
0.213481,0.184035,1.24938e-19,0.21342,0.184082,0.00803721,177
0.22951,0.1906,2.31519e-20,0.2294,0.190622,0.00832275,178
0.245678,0.196956,-1.19579e-19,0.245635,0.197,0.00860122,179
0.26191,0.203092,-1.77931e-20,0.26187,0.203133,0.00886899,180
0.278188,0.209022,0,0.278104,0.209043,0.00912703,181
0.294565,0.214781,0,0.294522,0.214814,0.009379,182
0.310999,0.22037,-1.78509e-20,0.310965,0.220403,0.00962298,183
0.327464,0.22579,-1.78509e-20,0.327408,0.225813,0.0098592,184
0.343991,0.231064,1.78714e-20,0.343947,0.231089,0.0100896,185
0.36057,0.2362,3.28873e-19,0.36054,0.236227,0.0103139,186
0.377174,0.241197,4.84443e-19,0.377133,0.241219,0.0105319,187
0.393819,0.246068,1.55545e-19,0.393775,0.246088,0.0107444,188
0.410509,0.250822,7.61749e-24,0.410483,0.250846,0.0109522,189
0.42722,0.255459,1.79046e-20,0.42719,0.25548,0.0111545,190
0.44396,0.259987,0,0.443919,0.260004,0.011352,191
0.460739,0.264414,-1.79235e-20,0.460716,0.264434,0.0115454,192
0.477536,0.268739,1.36407e-19,0.477513,0.268758,0.0117342,193
0.494352,0.272968,1.54331e-19,0.494314,0.272983,0.0119187,194
0.511204,0.277109,-1.79389e-20,0.511183,0.277127,0.0120996,195
0.528072,0.28116,-1.79389e-20,0.528052,0.281178,0.0122765,196
0.544954,0.285126,0,0.544921,0.28514,0.0124495,197
0.561863,0.289013,0,0.561843,0.289029,0.0126193,198
0.578789,0.292822,0,0.578771,0.292837,0.0127856,199
0.595726,0.296553,-1.79592e-20,0.595699,0.296566,0.0129484,200
0.612684,0.300212,-1.79592e-20,0.612664,0.300227,0.0131082,201
0.629658,0.303801,0,0.629642,0.303816,0.0132649,202
0.646641,0.307321,0,0.646619,0.307334,0.0134185,203
0.663641,0.310775,0,0.663622,0.310788,0.0135693,204
0.680656,0.314165,1.79749e-20,0.680641,0.314178,0.0137173,205
0.697679,0.317492,-2.66733e-24,0.69766,0.317504,0.0138625,206
0.714715,0.320759,2.70996e-19,0.714696,0.320771,0.0140051,207
0.731765,0.323967,2.88974e-19,0.731751,0.323979,0.0141452,208
0.748822,0.327118,0,0.748806,0.327129,0.0142828,209
0.76589,0.330212,2.80808e-19,0.765872,0.330223,0.0144178,210
0.782971,0.333253,2.80808e-19,0.782958,0.333264,0.0145506,211
0.800058,0.33624,1.38019e-19,0.800044,0.336251,0.014681,212
0.817153,0.339176,1.38019e-19,0.817136,0.339186,0.0148092,213
0.834261,0.342061,1.79955e-20,0.834249,0.342072,0.0149352,214
0.851374,0.344897,3.59928e-20,0.851362,0.344907,0.015059,215
0.868494,0.347684,-2.48874e-19,0.868477,0.347694,0.0151806,216
0.885625,0.350425,-2.66871e-19,0.885614,0.350435,0.0153003,217
0.902762,0.35312,2.63034e-19,0.902751,0.35313,0.015418,218
0.919904,0.355769,2.63034e-19,0.919888,0.355778,0.0155336,219
0.937056,0.358374,-5.1821e-19,0.937046,0.358384,0.0156474,220
0.954214,0.360936,-2.96843e-19,0.954203,0.360946,0.0157592,221
0.971375,0.363456,2.21368e-19,0.971361,0.363464,0.0158692,222
0.988546,0.365934,5.07613e-19,0.988536,0.365943,0.0159774,223
1.00572,0.368371,5.07613e-19,1.00571,0.36838,0.0160838,224
1.0229,0.370768,2.50506e-19,1.02289,0.370776,0.0161884,225
1.04009,0.373125,2.50506e-19,1.04008,0.373134,0.0162914,226
1.05728,0.375444,2.47517e-19,1.05727,0.375453,0.0163926,227
1.07448,0.377725,5.29513e-19,1.07447,0.377733,0.0164922,228
1.09168,0.379969,2.45961e-19,1.09167,0.379977,0.0165901,229
1.10889,0.382175,-2.79229e-19,1.10888,0.382184,0.0166865,230
1.1261,0.384346,-2.07154e-19,1.12609,0.384354,0.0167812,231
1.14331,0.386481,7.20821e-20,1.1433,0.386489,0.0168745,232
1.16053,0.388581,-2.14873e-24,1.16053,0.388589,0.0169662,233
1.17776,0.390647,-3.60443e-20,1.17775,0.390654,0.0170563,234
1.19498,0.392678,-3.60484e-20,1.19498,0.392686,0.017145,235
1.21222,0.394676,1.63458e-19,1.21221,0.394684,0.0172323,236
1.22945,0.396641,1.99506e-19,1.22944,0.396649,0.0173181,237
1.24669,0.398574,0,1.24668,0.398581,0.0174024,238
1.26394,0.400475,0,1.26393,0.400482,0.0174854,239
1.28118,0.402343,3.60577e-20,1.28117,0.40235,0.017567,240
1.29843,0.404181,4.96102e-19,1.29842,0.404188,0.0176472,241
1.31569,0.405988,4.96106e-19,1.31568,0.405995,0.0177261,242
1.33294,0.407764,3.60612e-20,1.33293,0.407771,0.0178037,243
1.3502,0.40951,1.90995e-19,1.35019,0.409517,0.0178799,244
1.36746,0.411226,1.54929e-19,1.36746,0.411233,0.0179548,245
1.38473,0.412913,1.89204e-19,1.38472,0.41292,0.0180285,246
1.402,0.414571,2.2527e-19,1.40199,0.414578,0.0181009,247
1.41927,0.416201,-2.23482e-19,1.41926,0.416207,0.018172,248
1.43654,0.417802,-2.23482e-19,1.43654,0.417808,0.0182419,249
1.45382,0.419374,-2.21775e-19,1.45381,0.419381,0.0183106,250
1.4711,0.420919,-2.21775e-19,1.47109,0.420926,0.018378,251
1.48838,0.422437,3.60764e-20,1.48837,0.422443,0.0184443,252
1.50566,0.423927,-1.35386e-24,1.50565,0.423933,0.0185093,253
1.52295,0.425391,1.3474e-24,1.52294,0.425397,0.0185732,254
1.54023,0.426827,2.54078e-19,1.54023,0.426834,0.018636,255
1.55752,0.428238,1.81918e-19,1.55752,0.428244,0.0186975,256
1.57482,0.429622,-3.60818e-20,1.57481,0.429628,0.018758,257
1.59211,0.43098,0,1.59211,0.430986,0.0188173,258
1.60941,0.432312,-3.60855e-20,1.6094,0.432318,0.0188754,259
1.62671,0.43362,-7.21723e-20,1.6267,0.433626,0.0189325,260
1.64401,0.434901,-3.60867e-20,1.644,0.434907,0.0189885,261
1.66131,0.436158,2.13355e-19,1.6613,0.436164,0.0190433,262
1.67861,0.43739,5.93541e-22,1.67861,0.437396,0.0190971,263
1.69592,0.438597,-2.12761e-19,1.69591,0.438603,0.0191498,264
1.71323,0.43978,-3.87151e-19,1.71322,0.439786,0.0192015,265
1.73053,0.440938,-3.87151e-19,1.73053,0.440944,0.019252,266
1.74785,0.442073,-2.46646e-19,1.74784,0.442079,0.0193016,267
1.76516,0.443183,-6.66684e-19,1.76515,0.443189,0.0193501,268
1.78247,0.44427,-4.20038e-19,1.78247,0.444276,0.0193975,269
1.79979,0.445334,4.18052e-19,1.79978,0.445339,0.0194439,270
1.8171,0.446373,4.18052e-19,1.8171,0.446379,0.0194893,271
1.83442,0.44739,1.71959e-19,1.83442,0.447396,0.0195337,272
1.85174,0.448384,1.71959e-19,1.85174,0.448389,0.0195771,273
1.86906,0.449354,-4.50453e-19,1.86906,0.44936,0.0196195,274
1.88638,0.450302,-2.07619e-19,1.88638,0.450307,0.0196608,275
1.90371,0.451227,2.0673e-19,1.9037,0.451232,0.0197012,276
1.92103,0.45213,-3.6104e-20,1.92103,0.452135,0.0197406,277
1.93835,0.45301,-2.41617e-19,1.93835,0.453015,0.0197791,278
1.95568,0.453868,-2.05511e-19,1.95568,0.453873,0.0198165,279
1.97301,0.454703,-3.73441e-19,1.97301,0.454709,0.019853,280
1.99034,0.455517,-7.55733e-22,1.99033,0.455522,0.0198885,281
2.00767,0.456309,4.08792e-19,2.00767,0.456314,0.0199231,282
2.025,0.457078,4.43563e-19,2.025,0.457084,0.0199567,283
2.04233,0.457827,8.50324e-19,2.04233,0.457832,0.0199894,284
2.05966,0.458553,4.42873e-19,2.05966,0.458558,0.0200211,285
2.077,0.459258,3.61123e-20,2.07699,0.459263,0.0200519,286
2.09433,0.459942,4.04921e-19,2.09433,0.459947,0.0200817,287
2.11167,0.460604,4.04921e-19,2.11166,0.460609,0.0201106,288
2.129,0.461245,3.61158e-20,2.129,0.46125,0.0201386,289
2.14634,0.461865,3.61158e-20,2.14634,0.46187,0.0201657,290
2.16368,0.462464,-4.38885e-19,2.16367,0.462469,0.0201918,291
2.18101,0.463041,-4.38885e-19,2.18101,0.463047,0.0202171,292
2.19835,0.463598,-4.0179e-19,2.19835,0.463603,0.0202414,293
2.21569,0.464134,-4.3791e-19,2.21569,0.464139,0.0202648,294
2.23303,0.464649,-2.72703e-19,2.23303,0.464655,0.0202873,295
2.25037,0.465144,-8.0119e-19,2.25037,0.465149,0.0203088,296
2.26771,0.465618,-5.28485e-19,2.26771,0.465623,0.0203295,297
2.28506,0.466071,3.61225e-20,2.28505,0.466076,0.0203493,298
2.3024,0.466504,0,2.3024,0.466509,0.0203682,299
2.31974,0.466916,0,2.31974,0.466921,0.0203862,300
2.33708,0.467308,0,2.33708,0.467313,0.0204033,301
2.35443,0.467679,0,2.35443,0.467684,0.0204195,302
2.37177,0.46803,0,2.37177,0.468035,0.0204349,303
2.38912,0.468361,0,2.38912,0.468366,0.0204493,304
2.40646,0.468672,0,2.40646,0.468677,0.0204629,305
2.42381,0.468962,0,2.42381,0.468967,0.0204755,306
2.44115,0.469232,-3.61304e-20,2.44115,0.469237,0.0204873,307
2.4585,0.469482,1.9845e-19,2.4585,0.469487,0.0204982,308
2.47585,0.469712,3.62256e-20,2.47585,0.469717,0.0205083,309
2.49319,0.469922,-1.98355e-19,2.49319,0.469927,0.0205174,310
2.51054,0.470111,-3.61335e-20,2.51054,0.470116,0.0205257,311
2.52789,0.470281,1.98129e-19,2.52789,0.470286,0.0205331,312
2.54523,0.470431,2.34262e-19,2.54523,0.470436,0.0205397,313
2.56258,0.47056,-4.32273e-19,2.56258,0.470565,0.0205453,314
2.57988,0.47067,-3.96136e-19,2.57992,0.470675,0.0205501,315
2.59692,0.47076,3.61366e-20,2.59707,0.470765,0.020554,316
2.61369,0.470831,0,2.61359,0.470835,0.0205571,317
2.63094,0.470886,3.61385e-20,2.63052,0.47089,0.0205595,318
2.64887,0.470927,-5.71918e-25,2.64914,0.47093,0.0205613,319
2.66645,0.470949,-3.61391e-20,2.66667,0.470956,0.0205624,320
2.68333,0.470956,0,2.68333,0.470956,-0.0205624,321
2.7,0.470956,0,2.7,0.470956,-0.0205624,322
2.71667,0.470956,0,2.71667,0.470956,-0.0205624,323
2.73333,0.470956,0,2.73333,0.470956,-0.0205624,324
2.75,0.470956,3.75793e-19,2.75,0.470956,-0.0205624,325
2.76667,0.470956,1.33687e-19,2.76667,0.470956,-0.0205624,326
2.78333,0.470956,-2.42107e-19,2.78333,0.470956,-0.0205624,327
2.8,0.470956,0,2.8,0.470956,-0.0205624,328
2.81667,0.470956,0,2.81667,0.470956,-0.0205624,329
2.83333,0.470956,0,2.83333,0.470956,-0.0205624,330
2.85,0.470956,0,2.85,0.470956,-0.0205624,331
2.86667,0.470956,0,2.86667,0.470956,-0.0205624,332
2.88333,0.470956,0,2.88333,0.470956,-0.0205624,333
2.9,0.470956,0,2.9,0.470956,-0.0205624,334
2.91667,0.470956,0,2.91667,0.470956,-0.0205624,335
2.93333,0.470956,0,2.93333,0.470956,-0.0205624,336
2.95,0.470956,0,2.95,0.470956,-0.0205624,337
2.96667,0.470956,0,2.96667,0.470956,-0.0205624,338
2.98333,0.470956,4.55186e-17,2.98333,0.470956,-0.0205624,339
3,0.470956,0,3,0.470956,-0.0205624,340
3.01667,0.470956,-4.55186e-17,3.01667,0.470956,-0.0205624,341
3.03333,0.470956,-1.69827e-19,3.03333,0.470956,-0.0205624,342
3.05,0.470956,-9.1171e-17,3.05,0.470956,-0.0205624,343
3.06667,0.470956,4.48074e-19,3.06667,0.470956,-0.0205624,344
3.08333,0.470956,9.14492e-17,3.08333,0.470956,-0.0205624,345
3.1,0.470956,4.55186e-17,3.1,0.470956,-0.0205624,346
3.11667,0.470956,0,3.11667,0.470956,-0.0205624,347
3.13333,0.470956,-4.55186e-17,3.13333,0.470956,-0.0205624,348
3.15,0.470956,0,3.15,0.470956,-0.0205624,349
3.16667,0.470956,0,3.16667,0.470956,-0.0205624,350
3.18333,0.470956,0,3.18333,0.470956,-0.0205624,351
3.2,0.470956,0,3.2,0.470956,-0.0205624,352
3.21667,0.470956,0,3.21667,0.470956,-0.0205624,353
3.23333,0.470956,1.69827e-19,3.23333,0.470956,-0.0205624,354
3.25,0.470956,-7.22801e-20,3.25,0.470956,-0.0205624,355
3.26667,0.470956,-2.42107e-19,3.26667,0.470956,-0.0205624,356
3.28333,0.470956,0,3.28333,0.470956,-0.0205624,357
3.3,0.470956,0,3.3,0.470956,-0.0205624,358
3.31667,0.470956,0,3.31667,0.470956,-0.0205624,359
3.33333,0.470956,0,3.33333,0.470956,-0.0205624,360
3.35,0.470956,0,3.35,0.470956,-0.0205624,361
3.36667,0.470956,0,3.36667,0.470956,-0.0205624,362
3.38333,0.470956,0,3.38333,0.470956,-0.0205624,363
3.4,0.470956,0,3.4,0.470956,-0.0205624,364
3.41667,0.470956,0,3.41667,0.470956,-0.0205624,365
3.43333,0.470956,0,3.43333,0.470956,-0.0205624,366
3.45,0.470956,0,3.45,0.470956,-0.0205624,367
3.46667,0.470956,0,3.46667,0.470956,-0.0205624,368
3.48333,0.470956,-9.14492e-17,3.48333,0.470956,-0.0205624,369
3.5,0.470956,1.6983e-19,3.5,0.470956,-0.0205624,370
3.51667,0.470956,9.1619e-17,3.51667,0.470956,-0.0205624,371
3.53333,0.470956,2.42107e-19,3.53333,0.470956,-0.0205624,372
3.55,0.470956,2.42107e-19,3.55,0.470956,-0.0205624,373
3.56667,0.470956,0,3.56667,0.470956,-0.0205624,374
3.58333,0.470956,0,3.58333,0.470956,-0.0205624,375
3.6,0.470956,0,3.6,0.470956,-0.0205624,376
3.61667,0.470956,0,3.61667,0.470956,-0.0205624,377
3.63333,0.470956,9.14492e-17,3.63333,0.470956,-0.0205624,378
3.65,0.470956,2.05961e-19,3.65,0.470956,-0.0205624,379
3.66667,0.470956,-9.12432e-17,3.66667,0.470956,-0.0205624,380
3.68333,0.470956,0,3.68333,0.470956,-0.0205624,381
3.7,0.470956,0,3.7,0.470956,-0.0205624,382
3.71667,0.470956,1.69827e-19,3.71667,0.470956,-0.0205624,383
3.73333,0.470956,-7.22801e-20,3.73333,0.470956,-0.0205624,384
3.75,0.470956,-7.22801e-20,3.75,0.470956,-0.0205624,385
3.76667,0.470956,4.54464e-17,3.76667,0.470956,-0.0205624,386
3.78333,0.470956,-2.42109e-19,3.78333,0.470956,-0.0205624,387
3.8,0.470956,-4.55186e-17,3.8,0.470956,-0.0205624,388
3.81667,0.470956,0,3.81667,0.470956,-0.0205624,389
3.83333,0.470956,9.12432e-17,3.83333,0.470956,-0.0205624,390
3.85,0.470956,-2.05961e-19,3.85,0.470956,-0.0205624,391
3.86667,0.470956,-9.14492e-17,3.86667,0.470956,-0.0205624,392
3.88333,0.470956,0,3.88333,0.470956,-0.0205624,393
3.9,0.470956,0,3.9,0.470956,-0.0205624,394
3.91667,0.470956,0,3.91667,0.470956,-0.0205624,395
3.93333,0.470956,-4.55186e-17,3.93333,0.470956,-0.0205624,396
3.95,0.470956,0,3.95,0.470956,-0.0205624,397
3.96667,0.470956,4.55186e-17,3.96667,0.470956,-0.0205624,398
3.98333,0.470956,1.69827e-19,3.98333,0.470956,-0.0205624,399
4,0.470956,-7.22801e-20,4,0.470956,-0.0205624,400
4.01667,0.470956,-2.42107e-19,4.01667,0.470956,-0.0205624,401
4.03333,0.470956,0,4.03333,0.470956,-0.0205624,402
4.05,0.470956,0,4.05,0.470956,-0.0205624,403
4.06667,0.470956,0,4.06667,0.470956,-0.0205624,404
4.08333,0.470956,0,4.08333,0.470956,-0.0205624,405
4.1,0.470956,0,4.1,0.470956,-0.0205624,406
4.11667,0.470956,0,4.11667,0.470956,-0.0205624,407
4.13333,0.470956,0,4.13333,0.470956,-0.0205624,408
4.15,0.470956,0,4.15,0.470956,-0.0205624,409
4.16667,0.470956,0,4.16667,0.470956,-0.0205624,410
4.18333,0.470956,0,4.18333,0.470956,-0.0205624,411
4.2,0.470956,3.75793e-19,4.2,0.470956,-0.0205624,412
4.21667,0.470956,1.33687e-19,4.21667,0.470956,-0.0205624,413
4.23333,0.470956,-7.22801e-20,4.23333,0.470956,-0.0205624,414
4.25,0.470956,1.69827e-19,4.25,0.470956,-0.0205624,415
4.26667,0.470956,2.42107e-19,4.26667,0.470956,-0.0205624,416
4.28333,0.470956,7.22801e-20,4.28333,0.470956,-0.0205624,417
4.3,0.470956,7.22801e-20,4.3,0.470956,-0.0205624,418
4.31667,0.470956,2.42107e-19,4.31667,0.470956,-0.0205624,419
4.33333,0.470956,0,4.33333,0.470956,-0.0205624,420
4.35,0.470956,0,4.35,0.470956,-0.0205624,421
4.36667,0.470956,0,4.36667,0.470956,-0.0205624,422
4.38333,0.470956,0,4.38333,0.470956,-0.0205624,423
4.4,0.470956,0,4.4,0.470956,-0.0205624,424
4.41667,0.470956,0,4.41667,0.470956,-0.0205624,425
4.43333,0.470956,0,4.43333,0.470956,-0.0205624,426
4.45,0.470956,0,4.45,0.470956,-0.0205624,427
4.46667,0.470956,1.69827e-19,4.46667,0.470956,-0.0205624,428
4.48333,0.470956,-2.78247e-19,4.48333,0.470956,-0.0205624,429
4.5,0.470956,-6.179e-19,4.5,0.470956,-0.0205624,430
4.51667,0.470956,7.22801e-20,4.51667,0.470956,-0.0205624,431
4.53333,0.470956,2.42107e-19,4.53333,0.470956,-0.0205624,432
4.55,0.470956,0,4.55,0.470956,-0.0205624,433
4.56667,0.470956,0,4.56667,0.470956,-0.0205624,434
4.58333,0.470956,0,4.58333,0.470956,-0.0205624,435
4.6,0.470956,0,4.6,0.470956,-0.0205624,436
4.61667,0.470956,0,4.61667,0.470956,-0.0205624,437
4.63333,0.470956,0,4.63333,0.470956,-0.0205624,438
4.65,0.470956,0,4.65,0.470956,-0.0205624,439
4.66667,0.470956,0,4.66667,0.470956,-0.0205624,440
4.68333,0.470956,1.69827e-19,4.68333,0.470956,-0.0205624,441
4.7,0.470956,-7.22801e-20,4.7,0.470956,-0.0205624,442
4.71667,0.470956,-2.42107e-19,4.71667,0.470956,-0.0205624,443
4.73333,0.470956,0,4.73333,0.470956,-0.0205624,444
4.75,0.470956,0,4.75,0.470956,-0.0205624,445
4.76667,0.470956,-1.69827e-19,4.76667,0.470956,-0.0205624,446
4.78333,0.470956,7.22801e-20,4.78333,0.470956,-0.0205624,447
4.8,0.470956,2.42107e-19,4.8,0.470956,-0.0205624,448
4.81667,0.470956,0,4.81667,0.470956,-0.0205624,449
4.83333,0.470956,0,4.83333,0.470956,-0.0205624,450
4.85,0.470956,0,4.85,0.470956,-0.0205624,451
4.86667,0.470956,0,4.86667,0.470956,-0.0205624,452
4.88333,0.470956,0,4.88333,0.470956,-0.0205624,453
4.9,0.470956,0,4.9,0.470956,-0.0205624,454
4.91667,0.470956,0,4.91667,0.470956,-0.0205624,455
4.93333,0.470956,9.14492e-17,4.93333,0.470956,-0.0205624,456
4.95,0.470956,3.75791e-19,4.95,0.470956,-0.0205624,457
4.96667,0.470956,-9.13155e-17,4.96667,0.470956,-0.0205624,458
4.98333,0.470956,-4.11933e-19,4.98333,0.470956,-0.0205624,459
5,0.470956,7.22801e-20,5,0.470956,-0.0205624,460
5.01667,0.470956,2.42107e-19,5.01667,0.470956,-0.0205624,461
5.03333,0.470956,0,5.03333,0.470956,-0.0205624,462
5.05,0.470956,0,5.05,0.470956,-0.0205624,463
5.06667,0.470956,0,5.06667,0.470956,-0.0205624,464
5.08333,0.470956,9.14492e-17,5.08333,0.470956,-0.0205624,465
5.1,0.470956,0,5.1,0.470956,-0.0205624,466
5.11667,0.470956,-9.14492e-17,5.11667,0.470956,-0.0205624,467
5.13333,0.470956,0,5.13333,0.470956,-0.0205624,468
5.15,0.470956,0,5.15,0.470956,-0.0205624,469
5.16667,0.470956,1.69827e-19,5.16667,0.470956,-0.0205624,470
5.18333,0.470956,-2.78247e-19,5.18333,0.470956,-0.0205624,471
5.2,0.470956,-4.48073e-19,5.2,0.470956,-0.0205624,472
5.21667,0.470956,-9.12432e-17,5.21667,0.470956,-0.0205624,473
5.23333,0.470956,2.05961e-19,5.23333,0.470956,-0.0205624,474
5.25,0.470956,9.12794e-17,5.25,0.470956,-0.0205624,475
5.26667,0.470956,7.22801e-20,5.26667,0.470956,-0.0205624,476
5.28333,0.470956,2.42107e-19,5.28333,0.470956,-0.0205624,477
5.3,0.470956,0,5.3,0.470956,-0.0205624,478
5.31667,0.470956,0,5.31667,0.470956,-0.0205624,479
5.33333,0.470956,0,5.33333,0.470956,-0.0205624,480
5.35,0.470956,0,5.35,0.470956,-0.0205624,481
5.36667,0.470956,0,5.36667,0.470956,-0.0205624,482
5.38333,0.470956,0,5.38333,0.470956,-0.0205624,483
5.4,0.470956,0,5.4,0.470956,-0.0205624,484
5.41667,0.470956,0,5.41667,0.470956,-0.0205624,485
5.43333,0.470956,1.82692e-16,5.43333,0.470956,-0.0205624,486
5.45,0.470956,0,5.45,0.470956,-0.0205624,487
5.46667,0.470956,-1.82862e-16,5.46667,0.470956,-0.0205624,488
5.48333,0.470956,7.22801e-20,5.48333,0.470956,-0.0205624,489
5.5,0.470956,2.42107e-19,5.5,0.470956,-0.0205624,490
5.51667,0.470956,0,5.51667,0.470956,-0.0205624,491
5.53333,0.470956,0,5.53333,0.470956,-0.0205624,492
5.55,0.470956,0,5.55,0.470956,-0.0205624,493
5.56667,0.470956,0,5.56667,0.470956,-0.0205624,494
5.58333,0.470956,0,5.58333,0.470956,-0.0205624,495
5.6,0.470956,0,5.6,0.470956,-0.0205624,496
5.61667,0.470956,0,5.61667,0.470956,-0.0205624,497
5.63333,0.470956,0,5.63333,0.470956,-0.0205624,498
5.65,0.470956,3.75793e-19,5.65,0.470956,-0.0205624,499
5.66667,0.470956,1.33687e-19,5.66667,0.470956,-0.0205624,500
5.68333,0.470956,-2.42107e-19,5.68333,0.470956,-0.0205624,501
5.7,0.470956,0,5.7,0.470956,-0.0205624,502
5.71667,0.470956,1.69827e-19,5.71667,0.470956,-0.0205624,503
5.73333,0.470956,1.69827e-19,5.73333,0.470956,-0.0205624,504
5.75,0.470956,2.42107e-19,5.75,0.470956,-0.0205624,505
5.76667,0.470956,2.42107e-19,5.76667,0.470956,-0.0205624,506
5.78333,0.470956,0,5.78333,0.470956,-0.0205624,507
5.8,0.470956,0,5.8,0.470956,-0.0205624,508
5.81667,0.470956,-1.82692e-16,5.81667,0.470956,-0.0205624,509
5.83333,0.470956,0,5.83333,0.470956,-0.0205624,510
5.85,0.470956,1.82692e-16,5.85,0.470956,-0.0205624,511
5.86667,0.470956,0,5.86667,0.470956,-0.0205624,512
5.88333,0.470956,0,5.88333,0.470956,-0.0205624,513
5.9,0.470956,0,5.9,0.470956,-0.0205624,514
5.91667,0.470956,0,5.91667,0.470956,-0.0205624,515
5.93333,0.470956,0,5.93333,0.470956,-0.0205624,516
5.95,0.470956,-1.69827e-19,5.95,0.470956,-0.0205624,517
5.96667,0.470956,9.15215e-17,5.96667,0.470956,-0.0205624,518
5.98333,0.470956,2.42112e-19,5.98333,0.470956,-0.0205624,519
6,0.470956,9.12432e-17,6,0.470956,-0.0205624,520
6.01667,0.470956,0,6.01667,0.470956,-0.0205624,521
6.03333,0.470956,-1.82692e-16,6.03333,0.470956,-0.0205624,522
6.05,0.470956,0,6.05,0.470956,-0.0205624,523
6.06667,0.470956,0,6.06667,0.470956,-0.0205624,524
6.08333,0.470956,0,6.08333,0.470956,-0.0205624,525
6.1,0.470956,0,6.1,0.470956,-0.0205624,526
6.11667,0.470956,0,6.11667,0.470956,-0.0205624,527
6.13333,0.470956,0,6.13333,0.470956,-0.0205624,528
6.15,0.470956,0,6.15,0.470956,-0.0205624,529
6.16667,0.470956,0,6.16667,0.470956,-0.0205624,530
6.18333,0.470956,0,6.18333,0.470956,-0.0205624,531
6.2,0.470956,1.69827e-19,6.2,0.470956,-0.0205624,532
6.21667,0.470956,1.69827e-19,6.21667,0.470956,-0.0205624,533
6.23333,0.470956,2.42107e-19,6.23333,0.470956,-0.0205624,534
6.25,0.470956,2.42107e-19,6.25,0.470956,-0.0205624,535
6.26667,0.470956,0,6.26667,0.470956,-0.0205624,536
6.28333,0.470956,0,6.28333,0.470956,-0.0205624,537
6.3,0.470956,0,6.3,0.470956,-0.0205624,538
6.31667,0.470956,-9.12432e-17,6.31667,0.470956,-0.0205624,539
6.33333,0.470956,2.05961e-19,6.33333,0.470956,-0.0205624,540
6.35,0.470956,9.14492e-17,6.35,0.470956,-0.0205624,541
6.36667,0.470956,0,6.36667,0.470956,-0.0205624,542
6.38333,0.470956,0,6.38333,0.470956,-0.0205624,543
6.4,0.470956,0,6.4,0.470956,-0.0205624,544
6.41667,0.470956,0,6.41667,0.470956,-0.0205624,545
6.43333,0.470956,0,6.43333,0.470956,-0.0205624,546
6.45,0.470956,0,6.45,0.470956,-0.0205624,547
6.46667,0.470956,0,6.46667,0.470956,-0.0205624,548
6.48333,0.470956,0,6.48333,0.470956,-0.0205624,549
6.5,0.470956,0,6.5,0.470956,-0.0205624,550
6.51667,0.470956,0,6.51667,0.470956,-0.0205624,551
6.53333,0.470956,0,6.53333,0.470956,-0.0205624,552
6.55,0.470956,0,6.55,0.470956,-0.0205624,553
6.56667,0.470956,0,6.56667,0.470956,-0.0205624,554
6.58333,0.470956,0,6.58333,0.470956,-0.0205624,555
6.6,0.470956,0,6.6,0.470956,-0.0205624,556
6.61667,0.470956,0,6.61667,0.470956,-0.0205624,557
6.63333,0.470956,0,6.63333,0.470956,-0.0205624,558
6.65,0.470956,0,6.65,0.470956,-0.0205624,559
6.66667,0.470956,0,6.66667,0.470956,-0.0205624,560
6.68333,0.470956,0,6.68333,0.470956,-0.0205624,561
6.7,0.470956,0,6.7,0.470956,-0.0205624,562
6.71667,0.470956,0,6.71667,0.470956,-0.0205624,563
6.73333,0.470956,0,6.73333,0.470956,-0.0205624,564
6.75,0.470956,0,6.75,0.470956,-0.0205624,565
6.76667,0.470956,0,6.76667,0.470956,-0.0205624,566
6.78333,0.470956,0,6.78333,0.470956,-0.0205624,567
6.8,0.470956,0,6.8,0.470956,-0.0205624,568
6.81667,0.470956,0,6.81667,0.470956,-0.0205624,569
6.83333,0.470956,0,6.83333,0.470956,-0.0205624,570
6.85,0.470956,0,6.85,0.470956,-0.0205624,571
6.86667,0.470956,0,6.86667,0.470956,-0.0205624,572
6.88333,0.470956,0,6.88333,0.470956,-0.0205624,573
6.9,0.470956,9.14492e-17,6.9,0.470956,-0.0205624,574
6.91667,0.470956,2.05961e-19,6.91667,0.470956,-0.0205624,575
6.93333,0.470956,-9.12432e-17,6.93333,0.470956,-0.0205624,576
6.95,0.470956,0,6.95,0.470956,-0.0205624,577
6.96667,0.470956,0,6.96667,0.470956,-0.0205624,578
6.98333,0.470956,0,6.98333,0.470956,-0.0205624,579
7,0.470956,0,7,0.470956,-0.0205624,580
7.01667,0.470956,0,7.01667,0.470956,-0.0205624,581
7.03333,0.470956,0,7.03333,0.470956,-0.0205624,582
7.05,0.470956,0,7.05,0.470956,-0.0205624,583
7.06667,0.470956,0,7.06667,0.470956,-0.0205624,584
7.08333,0.470956,0,7.08333,0.470956,-0.0205624,585
7.1,0.470956,0,7.1,0.470956,-0.0205624,586
7.11667,0.470956,0,7.11667,0.470956,-0.0205624,587
7.13333,0.470956,9.12432e-17,7.13333,0.470956,-0.0205624,588
7.15,0.470956,-2.05961e-19,7.15,0.470956,-0.0205624,589
7.16667,0.470956,-9.14492e-17,7.16667,0.470956,-0.0205624,590
7.18333,0.470956,0,7.18333,0.470956,-0.0205624,591
7.2,0.470956,0,7.2,0.470956,-0.0205624,592
7.21667,0.470956,0,7.21667,0.470956,-0.0205624,593
7.23333,0.470956,-9.14492e-17,7.23333,0.470956,-0.0205624,594
7.25,0.470956,0,7.25,0.470956,-0.0205624,595
7.26667,0.470956,9.14492e-17,7.26667,0.470956,-0.0205624,596
7.28333,0.470956,0,7.28333,0.470956,-0.0205624,597
7.3,0.470956,0,7.3,0.470956,-0.0205624,598
7.31667,0.470956,0,7.31667,0.470956,-0.0205624,599
7.33333,0.470956,0,7.33333,0.470956,-0.0205624,600
7.35,0.470956,0,7.35,0.470956,-0.0205624,601
7.36667,0.470956,0,7.36667,0.470956,-0.0205624,602
7.38333,0.470956,0,7.38333,0.470956,-0.0205624,603
7.4,0.470956,0,7.4,0.470956,-0.0205624,604
7.41667,0.470956,0,7.41667,0.470956,-0.0205624,605
7.43333,0.470956,0,7.43333,0.470956,-0.0205624,606
7.45,0.470956,0,7.45,0.470956,-0.0205624,607
7.46667,0.470956,0,7.46667,0.470956,-0.0205624,608
7.48333,0.470956,0,7.48333,0.470956,-0.0205624,609
7.5,0.470956,0,7.5,0.470956,-0.0205624,610
7.51667,0.470956,0,7.51667,0.470956,-0.0205624,611
7.53333,0.470956,0,7.53333,0.470956,-0.0205624,612
7.55,0.470956,0,7.55,0.470956,-0.0205624,613
7.56667,0.470956,0,7.56667,0.470956,-0.0205624,614
7.58333,0.470956,0,7.58333,0.470956,-0.0205624,615
7.6,0.470956,0,7.6,0.470956,-0.0205624,616
7.61667,0.470956,-1.82692e-16,7.61667,0.470956,-0.0205624,617
7.63333,0.470956,0,7.63333,0.470956,-0.0205624,618
7.65,0.470956,1.82692e-16,7.65,0.470956,-0.0205624,619
7.66667,0.470956,1.82692e-16,7.66667,0.470956,-0.0205624,620
7.68333,0.470956,0,7.68333,0.470956,-0.0205624,621
7.7,0.470956,-1.82692e-16,7.7,0.470956,-0.0205624,622
7.71667,0.470956,0,7.71667,0.470956,-0.0205624,623
7.73333,0.470956,0,7.73333,0.470956,-0.0205624,624
7.75,0.470956,0,7.75,0.470956,-0.0205624,625
7.76667,0.470956,-9.14492e-17,7.76667,0.470956,-0.0205624,626
7.78333,0.470956,-2.05961e-19,7.78333,0.470956,-0.0205624,627
7.8,0.470956,9.12432e-17,7.8,0.470956,-0.0205624,628
7.81667,0.470956,9.14492e-17,7.81667,0.470956,-0.0205624,629
7.83333,0.470956,2.05961e-19,7.83333,0.470956,-0.0205624,630
7.85,0.470956,-9.12432e-17,7.85,0.470956,-0.0205624,631
7.86667,0.470956,0,7.86667,0.470956,-0.0205624,632
7.88333,0.470956,0,7.88333,0.470956,-0.0205624,633
7.9,0.470956,0,7.9,0.470956,-0.0205624,634
7.91667,0.470956,0,7.91667,0.470956,-0.0205624,635
7.93333,0.470956,0,7.93333,0.470956,-0.0205624,636
7.95,0.470956,0,7.95,0.470956,-0.0205624,637
7.96667,0.470956,0,7.96667,0.470956,-0.0205624,638
7.98333,0.470956,0,7.98333,0.470956,-0.0205624,639
8,0.470956,0,8,0.470956,-0.0205624,640
8.01667,0.470956,0,8.01667,0.470956,-0.0205624,641
8.03333,0.470956,0,8.03333,0.470956,-0.0205624,642
8.05,0.470956,0,8.05,0.470956,-0.0205624,643
8.06667,0.470956,0,8.06667,0.470956,-0.0205624,644
8.08333,0.470956,0,8.08333,0.470956,-0.0205624,645
8.1,0.470956,0,8.1,0.470956,-0.0205624,646
8.11667,0.470956,0,8.11667,0.470956,-0.0205624,647
8.13333,0.470956,0,8.13333,0.470956,-0.0205624,648
8.15,0.470956,0,8.15,0.470956,-0.0205624,649
8.16667,0.470956,0,8.16667,0.470956,-0.0205624,650
8.18333,0.470956,0,8.18333,0.470956,-0.0205624,651
8.2,0.470956,0,8.2,0.470956,-0.0205624,652
8.21667,0.470956,0,8.21667,0.470956,-0.0205624,653
8.23333,0.470956,0,8.23333,0.470956,-0.0205624,654
8.25,0.470956,0,8.25,0.470956,-0.0205624,655
8.26667,0.470956,0,8.26667,0.470956,-0.0205624,656
8.28333,0.470956,0,8.28333,0.470956,-0.0205624,657
8.3,0.470956,0,8.3,0.470956,-0.0205624,658
8.31667,0.470956,0,8.31667,0.470956,-0.0205624,659
8.33333,0.470956,0,8.33333,0.470956,-0.0205624,660
8.35,0.470956,0,8.35,0.470956,-0.0205624,661
8.36667,0.470956,0,8.36667,0.470956,-0.0205624,662
8.38333,0.470956,0,8.38333,0.470956,-0.0205624,663
8.4,0.470956,0,8.4,0.470956,-0.0205624,664
8.41667,0.470956,0,8.41667,0.470956,-0.0205624,665
8.43333,0.470956,0,8.43333,0.470956,-0.0205624,666
8.45,0.470956,0,8.45,0.470956,-0.0205624,667
8.46667,0.470956,0,8.46667,0.470956,-0.0205624,668
8.48333,0.470956,0,8.48333,0.470956,-0.0205624,669
8.5,0.470956,0,8.5,0.470956,-0.0205624,670
8.51667,0.470956,0,8.51667,0.470956,-0.0205624,671
8.53333,0.470956,0,8.53333,0.470956,-0.0205624,672
8.55,0.470956,0,8.55,0.470956,-0.0205624,673
8.56667,0.470956,0,8.56667,0.470956,-0.0205624,674
8.58333,0.470956,0,8.58333,0.470956,-0.0205624,675
8.6,0.470956,0,8.6,0.470956,-0.0205624,676
8.61667,0.470956,0,8.61667,0.470956,-0.0205624,677
8.63333,0.470956,0,8.63333,0.470956,-0.0205624,678
8.65,0.470956,0,8.65,0.470956,-0.0205624,679
8.66667,0.470956,0,8.66667,0.470956,-0.0205624,680
8.68333,0.470956,0,8.68333,0.470956,-0.0205624,681
8.7,0.470956,0,8.7,0.470956,-0.0205624,682
8.71667,0.470956,0,8.71667,0.470956,-0.0205624,683
8.73333,0.470956,0,8.73333,0.470956,-0.0205624,684
8.75,0.470956,0,8.75,0.470956,-0.0205624,685
8.76667,0.470956,0,8.76667,0.470956,-0.0205624,686
8.78333,0.470956,0,8.78333,0.470956,-0.0205624,687
8.8,0.470956,0,8.8,0.470956,-0.0205624,688
8.81667,0.470956,0,8.81667,0.470956,-0.0205624,689
8.83333,0.470956,0,8.83333,0.470956,-0.0205624,690
8.85,0.470956,0,8.85,0.470956,-0.0205624,691
8.86667,0.470956,0,8.86667,0.470956,-0.0205624,692
8.88333,0.470956,-1.82692e-16,8.88333,0.470956,-0.0205624,693
8.9,0.470956,0,8.9,0.470956,-0.0205624,694
8.91667,0.470956,1.82692e-16,8.91667,0.470956,-0.0205624,695
8.93333,0.470956,0,8.93333,0.470956,-0.0205624,696
8.95,0.470956,0,8.95,0.470956,-0.0205624,697
8.96667,0.470956,1.82692e-16,8.96667,0.470956,-0.0205624,698
8.98333,0.470956,0,8.98333,0.470956,-0.0205624,699
9,0.470956,-1.82692e-16,9,0.470956,-0.0205624,700
9.01667,0.470956,0,9.01667,0.470956,-0.0205624,701
9.03333,0.470956,0,9.03333,0.470956,-0.0205624,702
9.05,0.470956,0,9.05,0.470956,-0.0205624,703
9.06667,0.470956,0,9.06667,0.470956,-0.0205624,704
9.08333,0.470956,0,9.08333,0.470956,-0.0205624,705
9.1,0.470956,0,9.1,0.470956,-0.0205624,706
9.11667,0.470956,0,9.11667,0.470956,-0.0205624,707
9.13333,0.470956,0,9.13333,0.470956,-0.0205624,708
9.15,0.470956,0,9.15,0.470956,-0.0205624,709
9.16667,0.470956,-1.82692e-16,9.16667,0.470956,-0.0205624,710
9.18333,0.470956,0,9.18333,0.470956,-0.0205624,711
9.2,0.470956,1.82692e-16,9.2,0.470956,-0.0205624,712
9.21667,0.470956,0,9.21667,0.470956,-0.0205624,713
9.23333,0.470956,0,9.23333,0.470956,-0.0205624,714
9.25,0.470956,1.82692e-16,9.25,0.470956,-0.0205624,715
9.26667,0.470956,0,9.26667,0.470956,-0.0205624,716
9.28333,0.470956,-1.82692e-16,9.28333,0.470956,-0.0205624,717
9.3,0.470956,0,9.3,0.470956,-0.0205624,718
9.31667,0.470956,0,9.31667,0.470956,-0.0205624,719
9.33333,0.470956,0,9.33333,0.470956,-0.0205624,720
9.35,0.470956,0,9.35,0.470956,-0.0205624,721
9.36667,0.470956,0,9.36667,0.470956,-0.0205624,722
9.38333,0.470956,0,9.38333,0.470956,-0.0205624,723
9.4,0.470956,0,9.4,0.470956,-0.0205624,724
9.41667,0.470956,0,9.41667,0.470956,-0.0205624,725
9.43333,0.470956,0,9.43333,0.470956,-0.0205624,726
9.45,0.470956,0,9.45,0.470956,-0.0205624,727
9.46667,0.470956,0,9.46667,0.470956,-0.0205624,728
9.48333,0.470956,0,9.48333,0.470956,-0.0205624,729
9.5,0.470956,0,9.5,0.470956,-0.0205624,730
9.51667,0.470956,0,9.51667,0.470956,-0.0205624,731
9.53333,0.470956,0,9.53333,0.470956,-0.0205624,732
9.55,0.470956,0,9.55,0.470956,-0.0205624,733
9.56667,0.470956,0,9.56667,0.470956,-0.0205624,734
9.58333,0.470956,0,9.58333,0.470956,-0.0205624,735
9.6,0.470956,0,9.6,0.470956,-0.0205624,736
9.61667,0.470956,0,9.61667,0.470956,-0.0205624,737
9.63333,0.470956,0,9.63333,0.470956,-0.0205624,738
9.65,0.470956,0,9.65,0.470956,-0.0205624,739
9.66667,0.470956,0,9.66667,0.470956,-0.0205624,740
9.68333,0.470956,0,9.68333,0.470956,-0.0205624,741
9.7,0.470956,0,9.7,0.470956,-0.0205624,742
9.71667,0.470956,0,9.71667,0.470956,-0.0205624,743
9.73333,0.470956,-1.82692e-16,9.73333,0.470956,-0.0205624,744
9.75,0.470956,0,9.75,0.470956,-0.0205624,745
9.76667,0.470956,1.82692e-16,9.76667,0.470956,-0.0205624,746
9.78333,0.470956,0,9.78333,0.470956,-0.0205624,747
9.8,0.470956,-1.82692e-16,9.8,0.470956,-0.0205624,748
9.81667,0.470956,0,9.81667,0.470956,-0.0205624,749
9.83333,0.470956,1.82692e-16,9.83333,0.470956,-0.0205624,750
9.85,0.470956,0,9.85,0.470956,-0.0205624,751
9.86667,0.470956,0,9.86667,0.470956,-0.0205624,752
9.88333,0.470956,0,9.88333,0.470956,-0.0205624,753
9.9,0.470956,0,9.9,0.470956,-0.0205624,754
9.91667,0.470956,0,9.91667,0.470956,-0.0205624,755
9.93333,0.470956,-1.82692e-16,9.93333,0.470956,-0.0205624,756
9.95,0.470956,0,9.95,0.470956,-0.0205624,757
9.96667,0.470956,1.82692e-16,9.96667,0.470956,-0.0205624,758
9.98333,0.470956,0,9.98333,0.470956,-0.0205624,759
10.0001,0.470956,3.61401e-20,10,0.470956,-0.0205624,760
2.68333,0.470956,0,2.68333,0.470956,0.0205624,761
2.7,0.470956,0,2.7,0.470956,0.0205624,762
2.71667,0.470956,0,2.71667,0.470956,0.0205624,763
2.73333,0.470956,0,2.73333,0.470956,0.0205624,764
2.75,0.470956,3.75793e-19,2.75,0.470956,0.0205624,765
2.76667,0.470956,1.33687e-19,2.76667,0.470956,0.0205624,766
2.78333,0.470956,-2.42107e-19,2.78333,0.470956,0.0205624,767
2.8,0.470956,0,2.8,0.470956,0.0205624,768
2.81667,0.470956,0,2.81667,0.470956,0.0205624,769
2.83333,0.470956,0,2.83333,0.470956,0.0205624,770
2.85,0.470956,0,2.85,0.470956,0.0205624,771
2.86667,0.470956,0,2.86667,0.470956,0.0205624,772
2.88333,0.470956,0,2.88333,0.470956,0.0205624,773
2.9,0.470956,0,2.9,0.470956,0.0205624,774
2.91667,0.470956,0,2.91667,0.470956,0.0205624,775
2.93333,0.470956,0,2.93333,0.470956,0.0205624,776
2.95,0.470956,0,2.95,0.470956,0.0205624,777
2.96667,0.470956,0,2.96667,0.470956,0.0205624,778
2.98333,0.470956,4.55186e-17,2.98333,0.470956,0.0205624,779
3,0.470956,0,3,0.470956,0.0205624,780
3.01667,0.470956,-4.55186e-17,3.01667,0.470956,0.0205624,781
3.03333,0.470956,-1.69827e-19,3.03333,0.470956,0.0205624,782
3.05,0.470956,-9.1171e-17,3.05,0.470956,0.0205624,783
3.06667,0.470956,4.48074e-19,3.06667,0.470956,0.0205624,784
3.08333,0.470956,9.14492e-17,3.08333,0.470956,0.0205624,785
3.1,0.470956,4.55186e-17,3.1,0.470956,0.0205624,786
3.11667,0.470956,0,3.11667,0.470956,0.0205624,787
3.13333,0.470956,-4.55186e-17,3.13333,0.470956,0.0205624,788
3.15,0.470956,0,3.15,0.470956,0.0205624,789
3.16667,0.470956,0,3.16667,0.470956,0.0205624,790
3.18333,0.470956,0,3.18333,0.470956,0.0205624,791
3.2,0.470956,0,3.2,0.470956,0.0205624,792
3.21667,0.470956,0,3.21667,0.470956,0.0205624,793
3.23333,0.470956,1.69827e-19,3.23333,0.470956,0.0205624,794
3.25,0.470956,-7.22801e-20,3.25,0.470956,0.0205624,795
3.26667,0.470956,-2.42107e-19,3.26667,0.470956,0.0205624,796
3.28333,0.470956,0,3.28333,0.470956,0.0205624,797
3.3,0.470956,0,3.3,0.470956,0.0205624,798
3.31667,0.470956,0,3.31667,0.470956,0.0205624,799
3.33333,0.470956,0,3.33333,0.470956,0.0205624,800
3.35,0.470956,0,3.35,0.470956,0.0205624,801
3.36667,0.470956,0,3.36667,0.470956,0.0205624,802
3.38333,0.470956,0,3.38333,0.470956,0.0205624,803
3.4,0.470956,0,3.4,0.470956,0.0205624,804
3.41667,0.470956,0,3.41667,0.470956,0.0205624,805
3.43333,0.470956,0,3.43333,0.470956,0.0205624,806
3.45,0.470956,0,3.45,0.470956,0.0205624,807
3.46667,0.470956,0,3.46667,0.470956,0.0205624,808
3.48333,0.470956,-9.14492e-17,3.48333,0.470956,0.0205624,809
3.5,0.470956,1.6983e-19,3.5,0.470956,0.0205624,810
3.51667,0.470956,9.1619e-17,3.51667,0.470956,0.0205624,811
3.53333,0.470956,2.42107e-19,3.53333,0.470956,0.0205624,812
3.55,0.470956,2.42107e-19,3.55,0.470956,0.0205624,813
3.56667,0.470956,0,3.56667,0.470956,0.0205624,814
3.58333,0.470956,0,3.58333,0.470956,0.0205624,815
3.6,0.470956,0,3.6,0.470956,0.0205624,816
3.61667,0.470956,0,3.61667,0.470956,0.0205624,817
3.63333,0.470956,9.14492e-17,3.63333,0.470956,0.0205624,818
3.65,0.470956,2.05961e-19,3.65,0.470956,0.0205624,819
3.66667,0.470956,-9.12432e-17,3.66667,0.470956,0.0205624,820
3.68333,0.470956,0,3.68333,0.470956,0.0205624,821
3.7,0.470956,0,3.7,0.470956,0.0205624,822
3.71667,0.470956,1.69827e-19,3.71667,0.470956,0.0205624,823
3.73333,0.470956,-7.22801e-20,3.73333,0.470956,0.0205624,824
3.75,0.470956,-7.22801e-20,3.75,0.470956,0.0205624,825
3.76667,0.470956,4.54464e-17,3.76667,0.470956,0.0205624,826
3.78333,0.470956,-2.42109e-19,3.78333,0.470956,0.0205624,827
3.8,0.470956,-4.55186e-17,3.8,0.470956,0.0205624,828
3.81667,0.470956,0,3.81667,0.470956,0.0205624,829
3.83333,0.470956,9.12432e-17,3.83333,0.470956,0.0205624,830
3.85,0.470956,-2.05961e-19,3.85,0.470956,0.0205624,831
3.86667,0.470956,-9.14492e-17,3.86667,0.470956,0.0205624,832
3.88333,0.470956,0,3.88333,0.470956,0.0205624,833
3.9,0.470956,0,3.9,0.470956,0.0205624,834
3.91667,0.470956,0,3.91667,0.470956,0.0205624,835
3.93333,0.470956,-4.55186e-17,3.93333,0.470956,0.0205624,836
3.95,0.470956,0,3.95,0.470956,0.0205624,837
3.96667,0.470956,4.55186e-17,3.96667,0.470956,0.0205624,838
3.98333,0.470956,1.69827e-19,3.98333,0.470956,0.0205624,839
4,0.470956,-7.22801e-20,4,0.470956,0.0205624,840
4.01667,0.470956,-2.42107e-19,4.01667,0.470956,0.0205624,841
4.03333,0.470956,0,4.03333,0.470956,0.0205624,842
4.05,0.470956,0,4.05,0.470956,0.0205624,843
4.06667,0.470956,0,4.06667,0.470956,0.0205624,844
4.08333,0.470956,0,4.08333,0.470956,0.0205624,845
4.1,0.470956,0,4.1,0.470956,0.0205624,846
4.11667,0.470956,0,4.11667,0.470956,0.0205624,847
4.13333,0.470956,0,4.13333,0.470956,0.0205624,848
4.15,0.470956,0,4.15,0.470956,0.0205624,849
4.16667,0.470956,0,4.16667,0.470956,0.0205624,850
4.18333,0.470956,0,4.18333,0.470956,0.0205624,851
4.2,0.470956,3.75793e-19,4.2,0.470956,0.0205624,852
4.21667,0.470956,1.33687e-19,4.21667,0.470956,0.0205624,853
4.23333,0.470956,-7.22801e-20,4.23333,0.470956,0.0205624,854
4.25,0.470956,1.69827e-19,4.25,0.470956,0.0205624,855
4.26667,0.470956,2.42107e-19,4.26667,0.470956,0.0205624,856
4.28333,0.470956,7.22801e-20,4.28333,0.470956,0.0205624,857
4.3,0.470956,7.22801e-20,4.3,0.470956,0.0205624,858
4.31667,0.470956,2.42107e-19,4.31667,0.470956,0.0205624,859
4.33333,0.470956,0,4.33333,0.470956,0.0205624,860
4.35,0.470956,0,4.35,0.470956,0.0205624,861
4.36667,0.470956,0,4.36667,0.470956,0.0205624,862
4.38333,0.470956,0,4.38333,0.470956,0.0205624,863
4.4,0.470956,0,4.4,0.470956,0.0205624,864
4.41667,0.470956,0,4.41667,0.470956,0.0205624,865
4.43333,0.470956,0,4.43333,0.470956,0.0205624,866
4.45,0.470956,0,4.45,0.470956,0.0205624,867
4.46667,0.470956,1.69827e-19,4.46667,0.470956,0.0205624,868
4.48333,0.470956,-2.78247e-19,4.48333,0.470956,0.0205624,869
4.5,0.470956,-6.179e-19,4.5,0.470956,0.0205624,870
4.51667,0.470956,7.22801e-20,4.51667,0.470956,0.0205624,871
4.53333,0.470956,2.42107e-19,4.53333,0.470956,0.0205624,872
4.55,0.470956,0,4.55,0.470956,0.0205624,873
4.56667,0.470956,0,4.56667,0.470956,0.0205624,874
4.58333,0.470956,0,4.58333,0.470956,0.0205624,875
4.6,0.470956,0,4.6,0.470956,0.0205624,876
4.61667,0.470956,0,4.61667,0.470956,0.0205624,877
4.63333,0.470956,0,4.63333,0.470956,0.0205624,878
4.65,0.470956,0,4.65,0.470956,0.0205624,879
4.66667,0.470956,0,4.66667,0.470956,0.0205624,880
4.68333,0.470956,1.69827e-19,4.68333,0.470956,0.0205624,881
4.7,0.470956,-7.22801e-20,4.7,0.470956,0.0205624,882
4.71667,0.470956,-2.42107e-19,4.71667,0.470956,0.0205624,883
4.73333,0.470956,0,4.73333,0.470956,0.0205624,884
4.75,0.470956,0,4.75,0.470956,0.0205624,885
4.76667,0.470956,-1.69827e-19,4.76667,0.470956,0.0205624,886
4.78333,0.470956,7.22801e-20,4.78333,0.470956,0.0205624,887
4.8,0.470956,2.42107e-19,4.8,0.470956,0.0205624,888
4.81667,0.470956,0,4.81667,0.470956,0.0205624,889
4.83333,0.470956,0,4.83333,0.470956,0.0205624,890
4.85,0.470956,0,4.85,0.470956,0.0205624,891
4.86667,0.470956,0,4.86667,0.470956,0.0205624,892
4.88333,0.470956,0,4.88333,0.470956,0.0205624,893
4.9,0.470956,0,4.9,0.470956,0.0205624,894
4.91667,0.470956,0,4.91667,0.470956,0.0205624,895
4.93333,0.470956,9.14492e-17,4.93333,0.470956,0.0205624,896
4.95,0.470956,3.75791e-19,4.95,0.470956,0.0205624,897
4.96667,0.470956,-9.13155e-17,4.96667,0.470956,0.0205624,898
4.98333,0.470956,-4.11933e-19,4.98333,0.470956,0.0205624,899
5,0.470956,7.22801e-20,5,0.470956,0.0205624,900
5.01667,0.470956,2.42107e-19,5.01667,0.470956,0.0205624,901
5.03333,0.470956,0,5.03333,0.470956,0.0205624,902
5.05,0.470956,0,5.05,0.470956,0.0205624,903
5.06667,0.470956,0,5.06667,0.470956,0.0205624,904
5.08333,0.470956,9.14492e-17,5.08333,0.470956,0.0205624,905
5.1,0.470956,0,5.1,0.470956,0.0205624,906
5.11667,0.470956,-9.14492e-17,5.11667,0.470956,0.0205624,907
5.13333,0.470956,0,5.13333,0.470956,0.0205624,908
5.15,0.470956,0,5.15,0.470956,0.0205624,909
5.16667,0.470956,1.69827e-19,5.16667,0.470956,0.0205624,910
5.18333,0.470956,-2.78247e-19,5.18333,0.470956,0.0205624,911
5.2,0.470956,-4.48073e-19,5.2,0.470956,0.0205624,912
5.21667,0.470956,-9.12432e-17,5.21667,0.470956,0.0205624,913
5.23333,0.470956,2.05961e-19,5.23333,0.470956,0.0205624,914
5.25,0.470956,9.12794e-17,5.25,0.470956,0.0205624,915
5.26667,0.470956,7.22801e-20,5.26667,0.470956,0.0205624,916
5.28333,0.470956,2.42107e-19,5.28333,0.470956,0.0205624,917
5.3,0.470956,0,5.3,0.470956,0.0205624,918
5.31667,0.470956,0,5.31667,0.470956,0.0205624,919
5.33333,0.470956,0,5.33333,0.470956,0.0205624,920
5.35,0.470956,0,5.35,0.470956,0.0205624,921
5.36667,0.470956,0,5.36667,0.470956,0.0205624,922
5.38333,0.470956,0,5.38333,0.470956,0.0205624,923
5.4,0.470956,0,5.4,0.470956,0.0205624,924
5.41667,0.470956,0,5.41667,0.470956,0.0205624,925
5.43333,0.470956,1.82692e-16,5.43333,0.470956,0.0205624,926
5.45,0.470956,0,5.45,0.470956,0.0205624,927
5.46667,0.470956,-1.82862e-16,5.46667,0.470956,0.0205624,928
5.48333,0.470956,7.22801e-20,5.48333,0.470956,0.0205624,929
5.5,0.470956,2.42107e-19,5.5,0.470956,0.0205624,930
5.51667,0.470956,0,5.51667,0.470956,0.0205624,931
5.53333,0.470956,0,5.53333,0.470956,0.0205624,932
5.55,0.470956,0,5.55,0.470956,0.0205624,933
5.56667,0.470956,0,5.56667,0.470956,0.0205624,934
5.58333,0.470956,0,5.58333,0.470956,0.0205624,935
5.6,0.470956,0,5.6,0.470956,0.0205624,936
5.61667,0.470956,0,5.61667,0.470956,0.0205624,937
5.63333,0.470956,0,5.63333,0.470956,0.0205624,938
5.65,0.470956,3.75793e-19,5.65,0.470956,0.0205624,939
5.66667,0.470956,1.33687e-19,5.66667,0.470956,0.0205624,940
5.68333,0.470956,-2.42107e-19,5.68333,0.470956,0.0205624,941
5.7,0.470956,0,5.7,0.470956,0.0205624,942
5.71667,0.470956,1.69827e-19,5.71667,0.470956,0.0205624,943
5.73333,0.470956,1.69827e-19,5.73333,0.470956,0.0205624,944
5.75,0.470956,2.42107e-19,5.75,0.470956,0.0205624,945
5.76667,0.470956,2.42107e-19,5.76667,0.470956,0.0205624,946
5.78333,0.470956,0,5.78333,0.470956,0.0205624,947
5.8,0.470956,0,5.8,0.470956,0.0205624,948
5.81667,0.470956,-1.82692e-16,5.81667,0.470956,0.0205624,949
5.83333,0.470956,0,5.83333,0.470956,0.0205624,950
5.85,0.470956,1.82692e-16,5.85,0.470956,0.0205624,951
5.86667,0.470956,0,5.86667,0.470956,0.0205624,952
5.88333,0.470956,0,5.88333,0.470956,0.0205624,953
5.9,0.470956,0,5.9,0.470956,0.0205624,954
5.91667,0.470956,0,5.91667,0.470956,0.0205624,955
5.93333,0.470956,0,5.93333,0.470956,0.0205624,956
5.95,0.470956,-1.69827e-19,5.95,0.470956,0.0205624,957
5.96667,0.470956,9.15215e-17,5.96667,0.470956,0.0205624,958
5.98333,0.470956,2.42112e-19,5.98333,0.470956,0.0205624,959
6,0.470956,9.12432e-17,6,0.470956,0.0205624,960
6.01667,0.470956,0,6.01667,0.470956,0.0205624,961
6.03333,0.470956,-1.82692e-16,6.03333,0.470956,0.0205624,962
6.05,0.470956,0,6.05,0.470956,0.0205624,963
6.06667,0.470956,0,6.06667,0.470956,0.0205624,964
6.08333,0.470956,0,6.08333,0.470956,0.0205624,965
6.1,0.470956,0,6.1,0.470956,0.0205624,966
6.11667,0.470956,0,6.11667,0.470956,0.0205624,967
6.13333,0.470956,0,6.13333,0.470956,0.0205624,968
6.15,0.470956,0,6.15,0.470956,0.0205624,969
6.16667,0.470956,0,6.16667,0.470956,0.0205624,970
6.18333,0.470956,0,6.18333,0.470956,0.0205624,971
6.2,0.470956,1.69827e-19,6.2,0.470956,0.0205624,972
6.21667,0.470956,1.69827e-19,6.21667,0.470956,0.0205624,973
6.23333,0.470956,2.42107e-19,6.23333,0.470956,0.0205624,974
6.25,0.470956,2.42107e-19,6.25,0.470956,0.0205624,975
6.26667,0.470956,0,6.26667,0.470956,0.0205624,976
6.28333,0.470956,0,6.28333,0.470956,0.0205624,977
6.3,0.470956,0,6.3,0.470956,0.0205624,978
6.31667,0.470956,-9.12432e-17,6.31667,0.470956,0.0205624,979
6.33333,0.470956,2.05961e-19,6.33333,0.470956,0.0205624,980
6.35,0.470956,9.14492e-17,6.35,0.470956,0.0205624,981
6.36667,0.470956,0,6.36667,0.470956,0.0205624,982
6.38333,0.470956,0,6.38333,0.470956,0.0205624,983
6.4,0.470956,0,6.4,0.470956,0.0205624,984
6.41667,0.470956,0,6.41667,0.470956,0.0205624,985
6.43333,0.470956,0,6.43333,0.470956,0.0205624,986
6.45,0.470956,0,6.45,0.470956,0.0205624,987
6.46667,0.470956,0,6.46667,0.470956,0.0205624,988
6.48333,0.470956,0,6.48333,0.470956,0.0205624,989
6.5,0.470956,0,6.5,0.470956,0.0205624,990
6.51667,0.470956,0,6.51667,0.470956,0.0205624,991
6.53333,0.470956,0,6.53333,0.470956,0.0205624,992
6.55,0.470956,0,6.55,0.470956,0.0205624,993
6.56667,0.470956,0,6.56667,0.470956,0.0205624,994
6.58333,0.470956,0,6.58333,0.470956,0.0205624,995
6.6,0.470956,0,6.6,0.470956,0.0205624,996
6.61667,0.470956,0,6.61667,0.470956,0.0205624,997
6.63333,0.470956,0,6.63333,0.470956,0.0205624,998
6.65,0.470956,0,6.65,0.470956,0.0205624,999
6.66667,0.470956,0,6.66667,0.470956,0.0205624,1000
6.68333,0.470956,0,6.68333,0.470956,0.0205624,1001
6.7,0.470956,0,6.7,0.470956,0.0205624,1002
6.71667,0.470956,0,6.71667,0.470956,0.0205624,1003
6.73333,0.470956,0,6.73333,0.470956,0.0205624,1004
6.75,0.470956,0,6.75,0.470956,0.0205624,1005
6.76667,0.470956,0,6.76667,0.470956,0.0205624,1006
6.78333,0.470956,0,6.78333,0.470956,0.0205624,1007
6.8,0.470956,0,6.8,0.470956,0.0205624,1008
6.81667,0.470956,0,6.81667,0.470956,0.0205624,1009
6.83333,0.470956,0,6.83333,0.470956,0.0205624,1010
6.85,0.470956,0,6.85,0.470956,0.0205624,1011
6.86667,0.470956,0,6.86667,0.470956,0.0205624,1012
6.88333,0.470956,0,6.88333,0.470956,0.0205624,1013
6.9,0.470956,9.14492e-17,6.9,0.470956,0.0205624,1014
6.91667,0.470956,2.05961e-19,6.91667,0.470956,0.0205624,1015
6.93333,0.470956,-9.12432e-17,6.93333,0.470956,0.0205624,1016
6.95,0.470956,0,6.95,0.470956,0.0205624,1017
6.96667,0.470956,0,6.96667,0.470956,0.0205624,1018
6.98333,0.470956,0,6.98333,0.470956,0.0205624,1019
7,0.470956,0,7,0.470956,0.0205624,1020
7.01667,0.470956,0,7.01667,0.470956,0.0205624,1021
7.03333,0.470956,0,7.03333,0.470956,0.0205624,1022
7.05,0.470956,0,7.05,0.470956,0.0205624,1023
7.06667,0.470956,0,7.06667,0.470956,0.0205624,1024
7.08333,0.470956,0,7.08333,0.470956,0.0205624,1025
7.1,0.470956,0,7.1,0.470956,0.0205624,1026
7.11667,0.470956,0,7.11667,0.470956,0.0205624,1027
7.13333,0.470956,9.12432e-17,7.13333,0.470956,0.0205624,1028
7.15,0.470956,-2.05961e-19,7.15,0.470956,0.0205624,1029
7.16667,0.470956,-9.14492e-17,7.16667,0.470956,0.0205624,1030
7.18333,0.470956,0,7.18333,0.470956,0.0205624,1031
7.2,0.470956,0,7.2,0.470956,0.0205624,1032
7.21667,0.470956,0,7.21667,0.470956,0.0205624,1033
7.23333,0.470956,-9.14492e-17,7.23333,0.470956,0.0205624,1034
7.25,0.470956,0,7.25,0.470956,0.0205624,1035
7.26667,0.470956,9.14492e-17,7.26667,0.470956,0.0205624,1036
7.28333,0.470956,0,7.28333,0.470956,0.0205624,1037
7.3,0.470956,0,7.3,0.470956,0.0205624,1038
7.31667,0.470956,0,7.31667,0.470956,0.0205624,1039
7.33333,0.470956,0,7.33333,0.470956,0.0205624,1040
7.35,0.470956,0,7.35,0.470956,0.0205624,1041
7.36667,0.470956,0,7.36667,0.470956,0.0205624,1042
7.38333,0.470956,0,7.38333,0.470956,0.0205624,1043
7.4,0.470956,0,7.4,0.470956,0.0205624,1044
7.41667,0.470956,0,7.41667,0.470956,0.0205624,1045
7.43333,0.470956,0,7.43333,0.470956,0.0205624,1046
7.45,0.470956,0,7.45,0.470956,0.0205624,1047
7.46667,0.470956,0,7.46667,0.470956,0.0205624,1048
7.48333,0.470956,0,7.48333,0.470956,0.0205624,1049
7.5,0.470956,0,7.5,0.470956,0.0205624,1050
7.51667,0.470956,0,7.51667,0.470956,0.0205624,1051
7.53333,0.470956,0,7.53333,0.470956,0.0205624,1052
7.55,0.470956,0,7.55,0.470956,0.0205624,1053
7.56667,0.470956,0,7.56667,0.470956,0.0205624,1054
7.58333,0.470956,0,7.58333,0.470956,0.0205624,1055
7.6,0.470956,0,7.6,0.470956,0.0205624,1056
7.61667,0.470956,-1.82692e-16,7.61667,0.470956,0.0205624,1057
7.63333,0.470956,0,7.63333,0.470956,0.0205624,1058
7.65,0.470956,1.82692e-16,7.65,0.470956,0.0205624,1059
7.66667,0.470956,1.82692e-16,7.66667,0.470956,0.0205624,1060
7.68333,0.470956,0,7.68333,0.470956,0.0205624,1061
7.7,0.470956,-1.82692e-16,7.7,0.470956,0.0205624,1062
7.71667,0.470956,0,7.71667,0.470956,0.0205624,1063
7.73333,0.470956,0,7.73333,0.470956,0.0205624,1064
7.75,0.470956,0,7.75,0.470956,0.0205624,1065
7.76667,0.470956,-9.14492e-17,7.76667,0.470956,0.0205624,1066
7.78333,0.470956,-2.05961e-19,7.78333,0.470956,0.0205624,1067
7.8,0.470956,9.12432e-17,7.8,0.470956,0.0205624,1068
7.81667,0.470956,9.14492e-17,7.81667,0.470956,0.0205624,1069
7.83333,0.470956,2.05961e-19,7.83333,0.470956,0.0205624,1070
7.85,0.470956,-9.12432e-17,7.85,0.470956,0.0205624,1071
7.86667,0.470956,0,7.86667,0.470956,0.0205624,1072
7.88333,0.470956,0,7.88333,0.470956,0.0205624,1073
7.9,0.470956,0,7.9,0.470956,0.0205624,1074
7.91667,0.470956,0,7.91667,0.470956,0.0205624,1075
7.93333,0.470956,0,7.93333,0.470956,0.0205624,1076
7.95,0.470956,0,7.95,0.470956,0.0205624,1077
7.96667,0.470956,0,7.96667,0.470956,0.0205624,1078
7.98333,0.470956,0,7.98333,0.470956,0.0205624,1079
8,0.470956,0,8,0.470956,0.0205624,1080
8.01667,0.470956,0,8.01667,0.470956,0.0205624,1081
8.03333,0.470956,0,8.03333,0.470956,0.0205624,1082
8.05,0.470956,0,8.05,0.470956,0.0205624,1083
8.06667,0.470956,0,8.06667,0.470956,0.0205624,1084
8.08333,0.470956,0,8.08333,0.470956,0.0205624,1085
8.1,0.470956,0,8.1,0.470956,0.0205624,1086
8.11667,0.470956,0,8.11667,0.470956,0.0205624,1087
8.13333,0.470956,0,8.13333,0.470956,0.0205624,1088
8.15,0.470956,0,8.15,0.470956,0.0205624,1089
8.16667,0.470956,0,8.16667,0.470956,0.0205624,1090
8.18333,0.470956,0,8.18333,0.470956,0.0205624,1091
8.2,0.470956,0,8.2,0.470956,0.0205624,1092
8.21667,0.470956,0,8.21667,0.470956,0.0205624,1093
8.23333,0.470956,0,8.23333,0.470956,0.0205624,1094
8.25,0.470956,0,8.25,0.470956,0.0205624,1095
8.26667,0.470956,0,8.26667,0.470956,0.0205624,1096
8.28333,0.470956,0,8.28333,0.470956,0.0205624,1097
8.3,0.470956,0,8.3,0.470956,0.0205624,1098
8.31667,0.470956,0,8.31667,0.470956,0.0205624,1099
8.33333,0.470956,0,8.33333,0.470956,0.0205624,1100
8.35,0.470956,0,8.35,0.470956,0.0205624,1101
8.36667,0.470956,0,8.36667,0.470956,0.0205624,1102
8.38333,0.470956,0,8.38333,0.470956,0.0205624,1103
8.4,0.470956,0,8.4,0.470956,0.0205624,1104
8.41667,0.470956,0,8.41667,0.470956,0.0205624,1105
8.43333,0.470956,0,8.43333,0.470956,0.0205624,1106
8.45,0.470956,0,8.45,0.470956,0.0205624,1107
8.46667,0.470956,0,8.46667,0.470956,0.0205624,1108
8.48333,0.470956,0,8.48333,0.470956,0.0205624,1109
8.5,0.470956,0,8.5,0.470956,0.0205624,1110
8.51667,0.470956,0,8.51667,0.470956,0.0205624,1111
8.53333,0.470956,0,8.53333,0.470956,0.0205624,1112
8.55,0.470956,0,8.55,0.470956,0.0205624,1113
8.56667,0.470956,0,8.56667,0.470956,0.0205624,1114
8.58333,0.470956,0,8.58333,0.470956,0.0205624,1115
8.6,0.470956,0,8.6,0.470956,0.0205624,1116
8.61667,0.470956,0,8.61667,0.470956,0.0205624,1117
8.63333,0.470956,0,8.63333,0.470956,0.0205624,1118
8.65,0.470956,0,8.65,0.470956,0.0205624,1119
8.66667,0.470956,0,8.66667,0.470956,0.0205624,1120
8.68333,0.470956,0,8.68333,0.470956,0.0205624,1121
8.7,0.470956,0,8.7,0.470956,0.0205624,1122
8.71667,0.470956,0,8.71667,0.470956,0.0205624,1123
8.73333,0.470956,0,8.73333,0.470956,0.0205624,1124
8.75,0.470956,0,8.75,0.470956,0.0205624,1125
8.76667,0.470956,0,8.76667,0.470956,0.0205624,1126
8.78333,0.470956,0,8.78333,0.470956,0.0205624,1127
8.8,0.470956,0,8.8,0.470956,0.0205624,1128
8.81667,0.470956,0,8.81667,0.470956,0.0205624,1129
8.83333,0.470956,0,8.83333,0.470956,0.0205624,1130
8.85,0.470956,0,8.85,0.470956,0.0205624,1131
8.86667,0.470956,0,8.86667,0.470956,0.0205624,1132
8.88333,0.470956,-1.82692e-16,8.88333,0.470956,0.0205624,1133
8.9,0.470956,0,8.9,0.470956,0.0205624,1134
8.91667,0.470956,1.82692e-16,8.91667,0.470956,0.0205624,1135
8.93333,0.470956,0,8.93333,0.470956,0.0205624,1136
8.95,0.470956,0,8.95,0.470956,0.0205624,1137
8.96667,0.470956,1.82692e-16,8.96667,0.470956,0.0205624,1138
8.98333,0.470956,0,8.98333,0.470956,0.0205624,1139
9,0.470956,-1.82692e-16,9,0.470956,0.0205624,1140
9.01667,0.470956,0,9.01667,0.470956,0.0205624,1141
9.03333,0.470956,0,9.03333,0.470956,0.0205624,1142
9.05,0.470956,0,9.05,0.470956,0.0205624,1143
9.06667,0.470956,0,9.06667,0.470956,0.0205624,1144
9.08333,0.470956,0,9.08333,0.470956,0.0205624,1145
9.1,0.470956,0,9.1,0.470956,0.0205624,1146
9.11667,0.470956,0,9.11667,0.470956,0.0205624,1147
9.13333,0.470956,0,9.13333,0.470956,0.0205624,1148
9.15,0.470956,0,9.15,0.470956,0.0205624,1149
9.16667,0.470956,-1.82692e-16,9.16667,0.470956,0.0205624,1150
9.18333,0.470956,0,9.18333,0.470956,0.0205624,1151
9.2,0.470956,1.82692e-16,9.2,0.470956,0.0205624,1152
9.21667,0.470956,0,9.21667,0.470956,0.0205624,1153
9.23333,0.470956,0,9.23333,0.470956,0.0205624,1154
9.25,0.470956,1.82692e-16,9.25,0.470956,0.0205624,1155
9.26667,0.470956,0,9.26667,0.470956,0.0205624,1156
9.28333,0.470956,-1.82692e-16,9.28333,0.470956,0.0205624,1157
9.3,0.470956,0,9.3,0.470956,0.0205624,1158
9.31667,0.470956,0,9.31667,0.470956,0.0205624,1159
9.33333,0.470956,0,9.33333,0.470956,0.0205624,1160
9.35,0.470956,0,9.35,0.470956,0.0205624,1161
9.36667,0.470956,0,9.36667,0.470956,0.0205624,1162
9.38333,0.470956,0,9.38333,0.470956,0.0205624,1163
9.4,0.470956,0,9.4,0.470956,0.0205624,1164
9.41667,0.470956,0,9.41667,0.470956,0.0205624,1165
9.43333,0.470956,0,9.43333,0.470956,0.0205624,1166
9.45,0.470956,0,9.45,0.470956,0.0205624,1167
9.46667,0.470956,0,9.46667,0.470956,0.0205624,1168
9.48333,0.470956,0,9.48333,0.470956,0.0205624,1169
9.5,0.470956,0,9.5,0.470956,0.0205624,1170
9.51667,0.470956,0,9.51667,0.470956,0.0205624,1171
9.53333,0.470956,0,9.53333,0.470956,0.0205624,1172
9.55,0.470956,0,9.55,0.470956,0.0205624,1173
9.56667,0.470956,0,9.56667,0.470956,0.0205624,1174
9.58333,0.470956,0,9.58333,0.470956,0.0205624,1175
9.6,0.470956,0,9.6,0.470956,0.0205624,1176
9.61667,0.470956,0,9.61667,0.470956,0.0205624,1177
9.63333,0.470956,0,9.63333,0.470956,0.0205624,1178
9.65,0.470956,0,9.65,0.470956,0.0205624,1179
9.66667,0.470956,0,9.66667,0.470956,0.0205624,1180
9.68333,0.470956,0,9.68333,0.470956,0.0205624,1181
9.7,0.470956,0,9.7,0.470956,0.0205624,1182
9.71667,0.470956,0,9.71667,0.470956,0.0205624,1183
9.73333,0.470956,-1.82692e-16,9.73333,0.470956,0.0205624,1184
9.75,0.470956,0,9.75,0.470956,0.0205624,1185
9.76667,0.470956,1.82692e-16,9.76667,0.470956,0.0205624,1186
9.78333,0.470956,0,9.78333,0.470956,0.0205624,1187
9.8,0.470956,-1.82692e-16,9.8,0.470956,0.0205624,1188
9.81667,0.470956,0,9.81667,0.470956,0.0205624,1189
9.83333,0.470956,1.82692e-16,9.83333,0.470956,0.0205624,1190
9.85,0.470956,0,9.85,0.470956,0.0205624,1191
9.86667,0.470956,0,9.86667,0.470956,0.0205624,1192
9.88333,0.470956,0,9.88333,0.470956,0.0205624,1193
9.9,0.470956,0,9.9,0.470956,0.0205624,1194
9.91667,0.470956,0,9.91667,0.470956,0.0205624,1195
9.93333,0.470956,-1.82692e-16,9.93333,0.470956,0.0205624,1196
9.95,0.470956,0,9.95,0.470956,0.0205624,1197
9.96667,0.470956,1.82692e-16,9.96667,0.470956,0.0205624,1198
9.98333,0.470956,0,9.98333,0.470956,0.0205624,1199
10.0001,0.470956,3.61401e-20,10,0.470956,0.0205624,1200
10.0172,0.470956,-1.76722e-16,10.0172,0.470956,-0.0205624,1201
10.0345,0.470956,2.3525e-19,10.0345,0.470956,-0.0205624,1202
10.0517,0.470957,3.53751e-16,10.0517,0.470957,-0.0205624,1203
10.0689,0.470957,1.76359e-16,10.0689,0.470957,-0.0205624,1204
10.0861,0.470957,-1.77355e-16,10.0861,0.470957,-0.0205624,1205
10.1034,0.470956,-1.76993e-16,10.1034,0.470956,-0.0205624,1206
10.1206,0.470955,-4.34694e-19,10.1206,0.470955,-0.0205623,1207
10.1378,0.470952,-3.98554e-19,10.1378,0.470952,-0.0205622,1208
10.155,0.47095,0,10.155,0.47095,-0.0205621,1209
10.1723,0.470947,-3.61402e-20,10.1723,0.470947,-0.020562,1210
10.1895,0.470944,-3.61402e-20,10.1895,0.470945,-0.0205619,1211
10.2067,0.47094,3.61403e-20,10.2067,0.470941,-0.0205617,1212
10.2239,0.470935,3.61403e-20,10.2239,0.470935,-0.0205615,1213
10.2412,0.470926,0,10.2412,0.470927,-0.0205611,1214
10.2584,0.470915,-1.76776e-16,10.2584,0.470916,-0.0205606,1215
10.2756,0.470901,-3.04138e-20,10.2756,0.470901,-0.02056,1216
10.2928,0.470885,3.53334e-16,10.2928,0.470886,-0.0205593,1217
10.3101,0.470868,2.94873e-20,10.3101,0.470869,-0.0205586,1218
10.3273,0.470849,-1.76124e-16,10.3273,0.47085,-0.0205578,1219
10.3445,0.470826,4.70934e-19,10.3445,0.470827,-0.0205568,1220
10.3618,0.470799,5.98046e-19,10.3618,0.4708,-0.0205556,1221
10.379,0.470766,5.98047e-19,10.379,0.470767,-0.0205541,1222
10.3962,0.470726,1.7649e-16,10.3962,0.470727,-0.0205524,1223
10.4134,0.470681,-2.17304e-19,10.4134,0.470681,-0.0205504,1224
10.4307,0.470632,-1.76907e-16,10.4307,0.470633,-0.0205483,1225
10.4479,0.470578,-2.71709e-19,10.4479,0.47058,-0.020546,1226
10.4651,0.47052,3.62806e-19,10.4651,0.470521,-0.0205434,1227
10.4823,0.470453,4.35091e-19,10.4823,0.470456,-0.0205405,1228
10.4996,0.470378,-1.76318e-16,10.4996,0.470381,-0.0205373,1229
10.5168,0.470293,6.99199e-20,10.5168,0.470296,-0.0205336,1230
10.534,0.470196,1.76025e-16,10.534,0.470198,-0.0205293,1231
10.5512,0.470091,-4.3539e-19,10.5512,0.470092,-0.0205247,1232
10.5685,0.469978,3.23117e-25,10.5685,0.46998,-0.0205198,1233
10.5857,0.469856,-4.03897e-25,10.5857,0.469859,-0.0205145,1234
10.6029,0.469724,-1.76284e-16,10.6029,0.469727,-0.0205087,1235
10.6201,0.46958,-1.76284e-16,10.6201,0.469584,-0.0205025,1236
10.6374,0.469421,3.52093e-16,10.6374,0.469425,-0.0204955,1237
10.6546,0.469245,3.52093e-16,10.6546,0.46925,-0.0204879,1238
10.6718,0.469054,-1.75754e-16,10.6718,0.469057,-0.0204795,1239
10.689,0.468848,-1.75718e-16,10.689,0.468851,-0.0204705,1240
10.7063,0.468631,0,10.7063,0.468634,-0.020461,1241
10.7235,0.468399,4.36982e-19,10.7235,0.468403,-0.0204509,1242
10.7407,0.468151,4.36982e-19,10.7407,0.468156,-0.0204401,1243
10.7579,0.467883,1.75522e-16,10.7579,0.467889,-0.0204285,1244
10.7752,0.467594,2.5677e-19,10.7752,0.4676,-0.0204159,1245
10.7924,0.467282,-1.75265e-16,10.7924,0.467288,-0.0204022,1246
10.8096,0.466946,-3.61538e-20,10.8096,0.466951,-0.0203875,1247
10.8268,0.466592,-2.37385e-19,10.8268,0.466597,-0.0203721,1248
10.8441,0.466219,-1.65076e-19,10.8441,0.466225,-0.0203558,1249
10.8613,0.465825,2.73871e-19,10.8613,0.465831,-0.0203386,1250
10.8785,0.465407,2.37716e-19,10.8785,0.465414,-0.0203204,1251
10.8957,0.464961,-2.01929e-19,10.8957,0.464969,-0.020301,1252
10.9129,0.464486,-5.70031e-19,10.9129,0.464494,-0.0202802,1253
10.9302,0.463979,-3.68103e-19,10.9302,0.463986,-0.0202581,1254
10.9474,0.463442,0,10.9474,0.463448,-0.0202346,1255
10.9646,0.46288,-2.02903e-19,10.9646,0.462886,-0.02021,1256
10.9818,0.462291,-2.39067e-19,10.9818,0.462298,-0.0201844,1257
10.999,0.461672,1.72835e-16,10.999,0.46168,-0.0201574,1258
11.0162,0.461021,-1.05495e-19,11.0162,0.46103,-0.020129,1259
11.0334,0.460332,-1.72773e-16,11.0334,0.460342,-0.020099,1260
11.0507,0.459604,2.40163e-19,11.0507,0.459615,-0.0200672,1261
11.0679,0.458835,2.04793e-19,11.0679,0.458844,-0.0200336,1262
11.0851,0.45803,3.37594e-19,11.0851,0.458038,-0.0199984,1263
11.1023,0.45719,3.38305e-19,11.1023,0.457199,-0.0199618,1264
11.1195,0.456316,-2.42439e-19,11.1195,0.456325,-0.0199236,1265
11.1367,0.455401,-4.47951e-19,11.1367,0.455412,-0.0198837,1266
11.1539,0.454443,-7.23581e-20,11.1539,0.454455,-0.0198419,1267
11.1711,0.453438,-3.61801e-20,11.1711,0.45345,-0.0197981,1268
11.1883,0.452381,-1.69427e-16,11.1883,0.452395,-0.019752,1269
11.2055,0.451275,-6.54862e-19,11.2055,0.451285,-0.0197035,1270
11.2226,0.450124,1.68772e-16,11.2226,0.450135,-0.0196533,1271
11.2398,0.44893,1.68145e-16,11.2398,0.448942,-0.0196012,1272
11.257,0.44769,1.03039e-18,11.257,0.447702,-0.0195471,1273
11.2742,0.446399,-1.67115e-16,11.2742,0.446412,-0.0194908,1274
11.2913,0.445053,2.11105e-19,11.2914,0.445067,-0.019432,1275
11.3085,0.443647,-1.65182e-16,11.3085,0.443663,-0.0193707,1276
11.3257,0.442179,-3.38562e-19,11.3257,0.442194,-0.0193066,1277
11.3429,0.440652,1.65055e-16,11.3429,0.440664,-0.0192398,1278
11.36,0.439071,3.62074e-20,11.36,0.439084,-0.0191708,1279
11.3771,0.437437,-2.66895e-24,11.3771,0.437451,-0.0190995,1280
11.3943,0.435744,2.89513e-24,11.3943,0.435759,-0.0190256,1281
11.4114,0.433988,-3.60796e-19,11.4114,0.434004,-0.018949,1282
11.4285,0.432164,-3.97009e-19,11.4285,0.432182,-0.0188695,1283
11.4457,0.430268,0,11.4457,0.430287,-0.0187867,1284
11.4628,0.428298,4.39744e-19,11.4628,0.428315,-0.0187006,1285
11.4799,0.42626,2.1871e-19,11.4799,0.426275,-0.0186115,1286
11.497,0.424159,-2.21034e-19,11.497,0.424175,-0.0185199,1287
11.514,0.421992,3.62361e-20,11.514,0.422009,-0.0184253,1288
11.5311,0.419754,7.2476e-20,11.5311,0.419772,-0.0183276,1289
11.5482,0.417439,7.24839e-20,11.5482,0.417459,-0.0182266,1290
11.5653,0.415044,3.6244e-20,11.5653,0.415064,-0.0181221,1291
11.5823,0.412562,4.1909e-19,11.5823,0.412583,-0.0180138,1292
11.5994,0.409995,3.82833e-19,11.5994,0.410011,-0.0179015,1293
11.6164,0.407353,-7.25177e-20,11.6164,0.40737,-0.0177862,1294
11.6333,0.404638,-7.25261e-20,11.6334,0.404656,-0.0176677,1295
11.6503,0.401843,-3.62652e-20,11.6503,0.401863,-0.0175457,1296
11.6673,0.398964,-3.6275e-20,11.6673,0.398985,-0.0174201,1297
11.6843,0.395996,-3.6275e-20,11.6843,0.396018,-0.0172905,1298
11.7012,0.392932,-3.62861e-20,11.7013,0.392955,-0.0171568,1299
11.7182,0.389768,-3.62861e-20,11.7182,0.389791,-0.0170187,1300
11.7351,0.38651,4.89627e-19,11.7352,0.386525,-0.016876,1301
11.752,0.383171,7.36364e-19,11.752,0.38319,-0.0167304,1302
11.7688,0.379748,-2.14417e-19,11.7689,0.379768,-0.016581,1303
11.7857,0.376233,-4.61154e-19,11.7857,0.376255,-0.0164276,1304
11.8025,0.372621,-2.52955e-19,11.8025,0.372644,-0.01627,1305
11.8193,0.368904,-2.52955e-19,11.8193,0.368928,-0.0161078,1306
11.8362,0.365079,-2.57542e-19,11.8362,0.365104,-0.0159408,1307
11.853,0.36114,-2.57542e-19,11.853,0.361164,-0.0157688,1308
11.8697,0.357101,0,11.8698,0.357113,-0.0155919,1309
11.8864,0.352977,2.68538e-19,11.8864,0.352998,-0.0154122,1310
11.9031,0.348761,2.68538e-19,11.9031,0.348783,-0.0152282,1311
11.9197,0.344441,2.7445e-19,11.9197,0.344464,-0.0150396,1312
11.9363,0.34001,2.92642e-19,11.9363,0.340034,-0.0148462,1313
11.9529,0.335461,-5.01317e-24,11.953,0.335487,-0.0146477,1314
11.9696,0.33079,-1.81967e-20,11.9696,0.330817,-0.0144438,1315
11.9862,0.325994,-2.88833e-19,11.9862,0.326018,-0.0142343,1316
12.0027,0.321093,-1.40457e-19,12.0028,0.321099,-0.0140195,1317
12.0192,0.31611,1.48376e-19,12.0192,0.31613,-0.0138026,1318
12.0355,0.311029,-1.34441e-19,12.0355,0.311051,-0.0135808,1319
12.0519,0.305833,-1.16212e-19,12.0519,0.305856,-0.013354,1320
12.0682,0.300514,1.75633e-19,12.0683,0.300538,-0.0131218,1321
12.0846,0.295066,1.57405e-19,12.0846,0.295091,-0.012884,1322
12.101,0.289484,-1.82504e-20,12.101,0.28951,-0.0126403,1323
12.1173,0.283762,-3.65091e-20,12.1173,0.283788,-0.0123904,1324
12.1336,0.277931,-1.72388e-19,12.1337,0.277922,-0.0121343,1325
12.1497,0.27203,-1.35858e-19,12.1497,0.272049,-0.0118779,1326
12.1657,0.266036,-1.61073e-19,12.1657,0.266056,-0.0116162,1327
12.1817,0.259916,-1.61054e-19,12.1817,0.259937,-0.0113491,1328
12.1977,0.253665,-1.05256e-23,12.1977,0.253686,-0.0110762,1329
12.2137,0.247275,1.91593e-19,12.2137,0.247297,-0.0107972,1330
12.2297,0.240742,2.28218e-19,12.2297,0.240765,-0.010512,1331
12.2457,0.234059,-1.35693e-23,12.2458,0.234082,-0.0102202,1332
12.2616,0.227255,8.70604e-20,12.2618,0.227243,-0.00992163,1333
12.2774,0.220386,1.05398e-19,12.2775,0.220385,-0.00962223,1334
12.293,0.213444,0,12.293,0.213458,-0.0093198,1335
12.3085,0.206385,1.34605e-19,12.3086,0.206399,-0.00901159,1336
12.3241,0.199188,1.44973e-20,12.3242,0.199202,-0.00869735,1337
12.3397,0.191847,4.26886e-21,12.3397,0.19186,-0.00837681,1338
12.3552,0.184356,1.05923e-19,12.3553,0.184369,-0.00804972,1339
12.3708,0.176709,-1.84527e-20,12.3709,0.176721,-0.00771582,1340
12.3863,0.16891,0,12.3864,0.168912,-0.00737486,1341
12.4017,0.161027,0,12.4019,0.160971,-0.00702813,1342
12.4169,0.153125,-1.59256e-19,12.4169,0.153124,-0.00668556,1343
12.4319,0.145145,-1.49961e-19,12.432,0.145143,-0.00633708,1344
12.4469,0.137025,-2.1018e-23,12.447,0.137021,-0.00598245,1345
12.462,0.128759,-1.86566e-20,12.462,0.128752,-0.00562143,1346
12.477,0.120342,5.03445e-20,12.4771,0.120331,-0.00525377,1347
12.492,0.111768,5.02822e-20,12.4921,0.111753,-0.00487923,1348
12.507,0.103032,-9.40278e-21,12.5071,0.103011,-0.00449755,1349
12.522,0.0941512,0,12.5222,0.0941003,-0.00410851,1350
12.5368,0.085196,-3.69382e-20,12.537,0.0851085,-0.00371592,1351
12.5513,0.0761817,-4.1746e-20,12.5514,0.0761503,-0.00332479,1352
12.5657,0.0670158,4.23901e-20,12.5658,0.0669549,-0.00292331,1353
12.58,0.0576659,4.71978e-20,12.5802,0.0575706,-0.00251359,1354
12.5944,0.0481832,2.87116e-20,12.5946,0.0480456,-0.00209772,1355
12.6087,0.0386221,5.29691e-20,12.609,0.0384283,-0.00167781,1356
12.623,0.0290459,-3.45197e-21,12.6235,0.0287667,-0.00125598,1357
12.6372,0.0195535,-2.9218e-20,12.6379,0.0191094,-0.000834333,1358
12.6507,0.0105902,-1.50848e-21,12.6523,0.00950436,-0.00041497,1359
12.6571,0.00633624,0,12.6667,0,0,1360
10.0172,0.470956,-1.76722e-16,10.0172,0.470956,0.0205624,1361
10.0345,0.470956,2.3525e-19,10.0345,0.470956,0.0205624,1362
10.0517,0.470957,3.53751e-16,10.0517,0.470957,0.0205624,1363
10.0689,0.470957,1.76359e-16,10.0689,0.470957,0.0205624,1364
10.0861,0.470957,-1.77355e-16,10.0861,0.470957,0.0205624,1365
10.1034,0.470956,-1.76993e-16,10.1034,0.470956,0.0205624,1366
10.1206,0.470955,-4.34694e-19,10.1206,0.470955,0.0205623,1367
10.1378,0.470952,-3.98554e-19,10.1378,0.470952,0.0205622,1368
10.155,0.47095,0,10.155,0.47095,0.0205621,1369
10.1723,0.470947,-3.61402e-20,10.1723,0.470947,0.020562,1370
10.1895,0.470944,-3.61402e-20,10.1895,0.470945,0.0205619,1371
10.2067,0.47094,3.61403e-20,10.2067,0.470941,0.0205617,1372
10.2239,0.470935,3.61403e-20,10.2239,0.470935,0.0205615,1373
10.2412,0.470926,0,10.2412,0.470927,0.0205611,1374
10.2584,0.470915,-1.76776e-16,10.2584,0.470916,0.0205606,1375
10.2756,0.470901,-3.04138e-20,10.2756,0.470901,0.02056,1376
10.2928,0.470885,3.53334e-16,10.2928,0.470886,0.0205593,1377
10.3101,0.470868,2.94873e-20,10.3101,0.470869,0.0205586,1378
10.3273,0.470849,-1.76124e-16,10.3273,0.47085,0.0205578,1379
10.3445,0.470826,4.70934e-19,10.3445,0.470827,0.0205568,1380
10.3618,0.470799,5.98046e-19,10.3618,0.4708,0.0205556,1381
10.379,0.470766,5.98047e-19,10.379,0.470767,0.0205541,1382
10.3962,0.470726,1.7649e-16,10.3962,0.470727,0.0205524,1383
10.4134,0.470681,-2.17304e-19,10.4134,0.470681,0.0205504,1384
10.4307,0.470632,-1.76907e-16,10.4307,0.470633,0.0205483,1385
10.4479,0.470578,-2.71709e-19,10.4479,0.47058,0.020546,1386
10.4651,0.47052,3.62806e-19,10.4651,0.470521,0.0205434,1387
10.4823,0.470453,4.35091e-19,10.4823,0.470456,0.0205405,1388
10.4996,0.470378,-1.76318e-16,10.4996,0.470381,0.0205373,1389
10.5168,0.470293,6.99199e-20,10.5168,0.470296,0.0205336,1390
10.534,0.470196,1.76025e-16,10.534,0.470198,0.0205293,1391
10.5512,0.470091,-4.3539e-19,10.5512,0.470092,0.0205247,1392
10.5685,0.469978,3.23117e-25,10.5685,0.46998,0.0205198,1393
10.5857,0.469856,-4.03897e-25,10.5857,0.469859,0.0205145,1394
10.6029,0.469724,-1.76284e-16,10.6029,0.469727,0.0205087,1395
10.6201,0.46958,-1.76284e-16,10.6201,0.469584,0.0205025,1396
10.6374,0.469421,3.52093e-16,10.6374,0.469425,0.0204955,1397
10.6546,0.469245,3.52093e-16,10.6546,0.46925,0.0204879,1398
10.6718,0.469054,-1.75754e-16,10.6718,0.469057,0.0204795,1399
10.689,0.468848,-1.75718e-16,10.689,0.468851,0.0204705,1400
10.7063,0.468631,0,10.7063,0.468634,0.020461,1401
10.7235,0.468399,4.36982e-19,10.7235,0.468403,0.0204509,1402
10.7407,0.468151,4.36982e-19,10.7407,0.468156,0.0204401,1403
10.7579,0.467883,1.75522e-16,10.7579,0.467889,0.0204285,1404
10.7752,0.467594,2.5677e-19,10.7752,0.4676,0.0204159,1405
10.7924,0.467282,-1.75265e-16,10.7924,0.467288,0.0204022,1406
10.8096,0.466946,-3.61538e-20,10.8096,0.466951,0.0203875,1407
10.8268,0.466592,-2.37385e-19,10.8268,0.466597,0.0203721,1408
10.8441,0.466219,-1.65076e-19,10.8441,0.466225,0.0203558,1409
10.8613,0.465825,2.73871e-19,10.8613,0.465831,0.0203386,1410
10.8785,0.465407,2.37716e-19,10.8785,0.465414,0.0203204,1411
10.8957,0.464961,-2.01929e-19,10.8957,0.464969,0.020301,1412
10.9129,0.464486,-5.70031e-19,10.9129,0.464494,0.0202802,1413
10.9302,0.463979,-3.68103e-19,10.9302,0.463986,0.0202581,1414
10.9474,0.463442,0,10.9474,0.463448,0.0202346,1415
10.9646,0.46288,-2.02903e-19,10.9646,0.462886,0.02021,1416
10.9818,0.462291,-2.39067e-19,10.9818,0.462298,0.0201844,1417
10.999,0.461672,1.72835e-16,10.999,0.46168,0.0201574,1418
11.0162,0.461021,-1.05495e-19,11.0162,0.46103,0.020129,1419
11.0334,0.460332,-1.72773e-16,11.0334,0.460342,0.020099,1420
11.0507,0.459604,2.40163e-19,11.0507,0.459615,0.0200672,1421
11.0679,0.458835,2.04793e-19,11.0679,0.458844,0.0200336,1422
11.0851,0.45803,3.37594e-19,11.0851,0.458038,0.0199984,1423
11.1023,0.45719,3.38305e-19,11.1023,0.457199,0.0199618,1424
11.1195,0.456316,-2.42439e-19,11.1195,0.456325,0.0199236,1425
11.1367,0.455401,-4.47951e-19,11.1367,0.455412,0.0198837,1426
11.1539,0.454443,-7.23581e-20,11.1539,0.454455,0.0198419,1427
11.1711,0.453438,-3.61801e-20,11.1711,0.45345,0.0197981,1428
11.1883,0.452381,-1.69427e-16,11.1883,0.452395,0.019752,1429
11.2055,0.451275,-6.54862e-19,11.2055,0.451285,0.0197035,1430
11.2226,0.450124,1.68772e-16,11.2226,0.450135,0.0196533,1431
11.2398,0.44893,1.68145e-16,11.2398,0.448942,0.0196012,1432
11.257,0.44769,1.03039e-18,11.257,0.447702,0.0195471,1433
11.2742,0.446399,-1.67115e-16,11.2742,0.446412,0.0194908,1434
11.2913,0.445053,2.11105e-19,11.2914,0.445067,0.019432,1435
11.3085,0.443647,-1.65182e-16,11.3085,0.443663,0.0193707,1436
11.3257,0.442179,-3.38562e-19,11.3257,0.442194,0.0193066,1437
11.3429,0.440652,1.65055e-16,11.3429,0.440664,0.0192398,1438
11.36,0.439071,3.62074e-20,11.36,0.439084,0.0191708,1439
11.3771,0.437437,-2.66895e-24,11.3771,0.437451,0.0190995,1440
11.3943,0.435744,2.89513e-24,11.3943,0.435759,0.0190256,1441
11.4114,0.433988,-3.60796e-19,11.4114,0.434004,0.018949,1442
11.4285,0.432164,-3.97009e-19,11.4285,0.432182,0.0188695,1443
11.4457,0.430268,0,11.4457,0.430287,0.0187867,1444
11.4628,0.428298,4.39744e-19,11.4628,0.428315,0.0187006,1445
11.4799,0.42626,2.1871e-19,11.4799,0.426275,0.0186115,1446
11.497,0.424159,-2.21034e-19,11.497,0.424175,0.0185199,1447
11.514,0.421992,3.62361e-20,11.514,0.422009,0.0184253,1448
11.5311,0.419754,7.2476e-20,11.5311,0.419772,0.0183276,1449
11.5482,0.417439,7.24839e-20,11.5482,0.417459,0.0182266,1450
11.5653,0.415044,3.6244e-20,11.5653,0.415064,0.0181221,1451
11.5823,0.412562,4.1909e-19,11.5823,0.412583,0.0180138,1452
11.5994,0.409995,3.82833e-19,11.5994,0.410011,0.0179015,1453
11.6164,0.407353,-7.25177e-20,11.6164,0.40737,0.0177862,1454
11.6333,0.404638,-7.25261e-20,11.6334,0.404656,0.0176677,1455
11.6503,0.401843,-3.62652e-20,11.6503,0.401863,0.0175457,1456
11.6673,0.398964,-3.6275e-20,11.6673,0.398985,0.0174201,1457
11.6843,0.395996,-3.6275e-20,11.6843,0.396018,0.0172905,1458
11.7012,0.392932,-3.62861e-20,11.7013,0.392955,0.0171568,1459
11.7182,0.389768,-3.62861e-20,11.7182,0.389791,0.0170187,1460
11.7351,0.38651,4.89627e-19,11.7352,0.386525,0.016876,1461
11.752,0.383171,7.36364e-19,11.752,0.38319,0.0167304,1462
11.7688,0.379748,-2.14417e-19,11.7689,0.379768,0.016581,1463
11.7857,0.376233,-4.61154e-19,11.7857,0.376255,0.0164276,1464
11.8025,0.372621,-2.52955e-19,11.8025,0.372644,0.01627,1465
11.8193,0.368904,-2.52955e-19,11.8193,0.368928,0.0161078,1466
11.8362,0.365079,-2.57542e-19,11.8362,0.365104,0.0159408,1467
11.853,0.36114,-2.57542e-19,11.853,0.361164,0.0157688,1468
11.8697,0.357101,0,11.8698,0.357113,0.0155919,1469
11.8864,0.352977,2.68538e-19,11.8864,0.352998,0.0154122,1470
11.9031,0.348761,2.68538e-19,11.9031,0.348783,0.0152282,1471
11.9197,0.344441,2.7445e-19,11.9197,0.344464,0.0150396,1472
11.9363,0.34001,2.92642e-19,11.9363,0.340034,0.0148462,1473
11.9529,0.335461,-5.01317e-24,11.953,0.335487,0.0146477,1474
11.9696,0.33079,-1.81967e-20,11.9696,0.330817,0.0144438,1475
11.9862,0.325994,-2.88833e-19,11.9862,0.326018,0.0142343,1476
12.0027,0.321093,-1.40457e-19,12.0028,0.321099,0.0140195,1477
12.0192,0.31611,1.48376e-19,12.0192,0.31613,0.0138026,1478
12.0355,0.311029,-1.34441e-19,12.0355,0.311051,0.0135808,1479
12.0519,0.305833,-1.16212e-19,12.0519,0.305856,0.013354,1480
12.0682,0.300514,1.75633e-19,12.0683,0.300538,0.0131218,1481
12.0846,0.295066,1.57405e-19,12.0846,0.295091,0.012884,1482
12.101,0.289484,-1.82504e-20,12.101,0.28951,0.0126403,1483
12.1173,0.283762,-3.65091e-20,12.1173,0.283788,0.0123904,1484
12.1336,0.277931,-1.72388e-19,12.1337,0.277922,0.0121343,1485
12.1497,0.27203,-1.35858e-19,12.1497,0.272049,0.0118779,1486
12.1657,0.266036,-1.61073e-19,12.1657,0.266056,0.0116162,1487
12.1817,0.259916,-1.61054e-19,12.1817,0.259937,0.0113491,1488
12.1977,0.253665,-1.05256e-23,12.1977,0.253686,0.0110762,1489
12.2137,0.247275,1.91593e-19,12.2137,0.247297,0.0107972,1490
12.2297,0.240742,2.28218e-19,12.2297,0.240765,0.010512,1491
12.2457,0.234059,-1.35693e-23,12.2458,0.234082,0.0102202,1492
12.2616,0.227255,8.70604e-20,12.2618,0.227243,0.00992163,1493
12.2774,0.220386,1.05398e-19,12.2775,0.220385,0.00962223,1494
12.293,0.213444,0,12.293,0.213458,0.0093198,1495
12.3085,0.206385,1.34605e-19,12.3086,0.206399,0.00901159,1496
12.3241,0.199188,1.44973e-20,12.3242,0.199202,0.00869735,1497
12.3397,0.191847,4.26886e-21,12.3397,0.19186,0.00837681,1498
12.3552,0.184356,1.05923e-19,12.3553,0.184369,0.00804972,1499
12.3708,0.176709,-1.84527e-20,12.3709,0.176721,0.00771582,1500
12.3863,0.16891,0,12.3864,0.168912,0.00737486,1501
12.4017,0.161027,0,12.4019,0.160971,0.00702813,1502
12.4169,0.153125,-1.59256e-19,12.4169,0.153124,0.00668556,1503
12.4319,0.145145,-1.49961e-19,12.432,0.145143,0.00633708,1504
12.4469,0.137025,-2.1018e-23,12.447,0.137021,0.00598245,1505
12.462,0.128759,-1.86566e-20,12.462,0.128752,0.00562143,1506
12.477,0.120342,5.03445e-20,12.4771,0.120331,0.00525377,1507
12.492,0.111768,5.02822e-20,12.4921,0.111753,0.00487923,1508
12.507,0.103032,-9.40278e-21,12.5071,0.103011,0.00449755,1509
12.522,0.0941512,0,12.5222,0.0941003,0.00410851,1510
12.5368,0.085196,-3.69382e-20,12.537,0.0851085,0.00371592,1511
12.5513,0.0761817,-4.1746e-20,12.5514,0.0761503,0.00332479,1512
12.5657,0.0670158,4.23901e-20,12.5658,0.0669549,0.00292331,1513
12.58,0.0576659,4.71978e-20,12.5802,0.0575706,0.00251359,1514
12.5944,0.0481832,2.87116e-20,12.5946,0.0480456,0.00209772,1515
12.6087,0.0386221,5.29691e-20,12.609,0.0384283,0.00167781,1516
12.623,0.0290459,-3.45197e-21,12.6235,0.0287667,0.00125598,1517
12.6372,0.0195535,-2.9218e-20,12.6379,0.0191094,0.000834333,1518
12.6507,0.0105902,-1.50848e-21,12.6523,0.00950436,0.00041497,1519
